weight,height,BMI,ED_LVM_max_thickness,ED_LVM_min_thickness,ED_LVM_std_thickness,ED_LVM_mean_thickness,ED_LVM_septum_std_thickness,ED_LVM_septum_mean_thickness,ED_RVC_mean_circularity,ED_RVC_max_circumference,ED_RVC_mean_circumference,ED_LVC_mean_circularity,ED_LVC_max_circumference,ED_LVC_mean_circumference,ED_RVC_size_apical,ED_RVC_LVC_ratio_apical,ED_RVC_volume_per_bsa,ED_LVM_volume_per_bsa,ED_LVC_volume_per_bsa,ED_LVM_mass,ES_LVM_max_thickness,ES_LVM_min_thickness,ES_LVM_std_thickness,ES_LVM_mean_thickness,ES_LVM_septum_std_thickness,ES_LVM_septum_mean_thickness,ES_RVC_mean_circularity,ES_RVC_max_circumference,ES_RVC_mean_circumference,ES_LVC_mean_circularity,ES_LVC_max_circumference,ES_LVC_mean_circumference,ES_RVC_size_apical,ES_RVC_LVC_ratio_apical,ES_RVC_volume_per_bsa,ES_LVM_volume_per_bsa,ES_LVC_volume_per_bsa,ES_LVM_mass,dyn_RVC_vmax,dyn_RVC_vmin,dyn_RVC_dyn_EF,dyn_RVC_vol_median,dyn_RVC_vol_kurtosis,dyn_RVC_vol_skewness,dyn_RVC_vol_std,dyn_LVM_vmax,dyn_LVM_vmin,dyn_LVM_dyn_EF,dyn_LVM_vol_median,dyn_LVM_vol_kurtosis,dyn_LVM_vol_skewness,dyn_LVM_vol_std,dyn_LVC_vmax,dyn_LVC_vmin,dyn_LVC_dyn_EF,dyn_LVC_vol_median,dyn_LVC_vol_kurtosis,dyn_LVC_vol_skewness,dyn_LVC_vol_std,dyn_ratio_vmin_LVC_RVC,dyn_ratio_vmin_LVM_LVC,dyn_ratio_vmin_RVC_LVM,dyn_dt_vmin_LVC_RVC,dyn_dt_vmax_LVC_RVC,pid,group
95.0,184.0,28.060018903591683,13.975424859373685,3.9528470752104745,1.2119224051677402,7.999383217057117,1.1078720504300825,7.815776231833431,0.5198579000199607,286.2436867076458,183.2378947148899,1.0531841950483967,239.29825022501575,186.59989616774658,0.0,0.0,64.20089056017811,78.26211940718862,131.05377284440158,181.07578125,13.975424859373685,1.25,1.5533053360075768,9.760733180417175,1.0834487372511845,8.880036493701983,0.44439075699259584,241.06601717798213,156.04987364304972,0.9170980723799471,218.262716319083,179.5331588548628,0.0,0.0,31.802628027656155,84.892098717302,100.61259511358153,196.415625,145.21484375,71.240234375,0.5094149293880296,112.41455078125,-1.4185674238732404,0.020480532406424907,24.518223561782452,188.818359375,188.1591796875,0.0034910783553141972,182.92236328125,0.2589725804743934,-1.0614413512017185,5.666618150615568,290.966796875,223.583984375,0.2315824802819265,258.6669921875,-1.225409838628187,-0.0016569986418754506,22.497928267926135,3.138450993831391,0.8415592924219262,0.3786168418321007,2.0,-29.0,1,DCM
70.0,160.0,27.343749999999996,13.287682265918313,3.5355339059327378,1.5603414667424071,8.101564013732593,0.8935608086286501,9.792624166802353,2181661564993.4197,239.904851942814,131.48887678258947,0.9083725766999162,224.47591975467944,178.80776503073437,0.0,0.0,53.824503234470264,97.75401467945677,140.88625731418944,181.04296875,16.770509831248425,1.25,1.6235600706283133,10.076215676356423,1.1568702379535611,10.724223103047407,0.6021779397158199,204.72718241315027,97.78463841662321,0.9228319891027335,195.88834764831844,148.4784450716211,0.0,0.0,17.885396976694448,113.83226901957586,100.23440653357983,210.8203125,97.96485900878906,31.514739990234375,0.67830566685747,77.99243927001953,-0.9088261441198191,-0.5558930855101143,20.46013754887379,200.30364990234375,199.44381713867188,0.004292646509891751,188.3220672607422,-0.6752190538726066,-0.39135349341846115,8.514884615211667,248.79074096679688,176.5460968017578,0.2903831705484598,215.20118713378906,-1.2629582234840953,-0.058664622105252334,24.648976289810356,5.6020166073546855,1.1296982530439386,0.15801312089971883,4.0,28.0,2,DCM
77.0,165.0,28.282828282828287,15.05199322349037,1.25,1.4396178258383503,8.751576762151164,1.0343860916275152,8.988975883575627,0.5690485944210324,270.992424049175,210.29031935078416,0.9096001187684752,230.762716319083,188.35801756242853,0.0,0.0,93.06260724052106,102.67744091377536,144.92947816302436,202.53515625,15.05199322349037,1.25,1.8923955660347331,9.454602374260112,0.9130144848870876,9.248995858732469,0.5364731712300506,265.56349186104046,209.21782543974052,0.9097729962588128,222.10155108391487,175.69380400005542,0.0,0.0,84.9282583370239,106.09586361248428,128.13678855549801,209.27812500000002,182.3974609375,156.54296875,0.14174809262481594,164.39208984375,-0.8203230858185302,0.6271297426162733,7.670845945100295,202.24609375,202.24609375,0.0,195.91064453125,-1.3144297570061394,0.37572362089907996,2.7668582683308474,277.734375,242.822265625,0.12570323488045007,265.93017578125,-1.4672657008192587,-0.33330715508888564,12.470034179164799,1.551154086088584,0.8328976472953952,0.7740222114920329,1.0,0.0,3,DCM
46.0,159.0,18.19548277362446,11.792476415070754,3.5355339059327378,1.0672977981414156,7.6073032555287,0.7584296680228094,7.469538773791065,0.4564021741251646,237.404851942814,169.96829332826866,0.9150488905975912,222.10155108391487,183.2042116401411,0.0,0.0,70.48630930744396,114.15931961550876,183.28632840131615,170.8546875,12.5,5.0,1.659002183793035,8.772208190844076,1.0160217192346193,7.737630003424094,0.4535818899380758,221.1916485072175,137.93783248981293,0.9303397286672889,205.762716319083,167.45116331293616,0.0,0.0,45.96408941308126,124.73774706211583,156.73611982547956,186.68671875,106.20803833007812,64.61830139160156,0.3915874692009856,89.68429565429688,-1.2421448770598071,-0.2847507122902927,13.170179648322797,177.05078125,177.05078125,0.0,165.90099334716797,-1.36523046395038,0.15474784153894736,6.454108123363627,263.50135803222656,224.603271484375,0.1476200610058878,247.60379791259766,-1.6178144287806013,-0.20238732842246354,14.477913174813162,3.4758461093433612,0.7882822902796272,0.3649704391891892,-1.0,23.0,4,DCM
77.0,165.0,28.282828282828287,13.975424859373685,3.9528470752104745,1.4395091744385697,8.47617182151971,0.9026569341938983,9.522735245413266,0.4692094748123411,282.3312588140068,200.47946865855397,0.8785263665372666,246.85028842544403,197.71982310026956,482.8125,1.104992132742097,87.23215879333138,103.76701116567529,154.72729309995648,204.68437500000002,16.817030058842136,1.25,1.5610448924454272,9.737696553397436,0.9376507187133963,10.853008206575534,0.42425981676538127,255.5114536606122,168.36058678430848,0.9014685183238205,206.49494936611666,173.1974836564958,0.0,0.0,43.39151148215197,117.00820079181788,119.76955440731997,230.80312500000002,172.540283203125,76.21435546875,0.5582808022922636,120.886962890625,-1.1507396916759558,0.11163914974020539,30.164893982637892,220.001220703125,216.6591796875,0.015191011235955057,205.70361328125,-1.3297004800447527,0.09540237191534136,8.54584325114136,306.894287109375,220.41650390625,0.2817836200786133,237.917724609375,-1.1498735963001154,0.6690870836902897,28.390834161379495,2.8920601971977167,0.9829535259285842,0.3517707192405988,5.0,-25.0,5,DCM
70.0,180.0,21.604938271604937,20.039024427351748,1.25,1.7768737085430615,8.124249329223643,1.0085695196482016,8.297393275096443,0.8594842318097662,383.54446224960327,250.6488860409699,0.8758068964372459,254.904851942814,211.12210485895451,509.375,0.9514359094092926,157.03268345116885,107.71463240451679,177.85400457890867,211.59140625,20.804146221366548,1.25,1.9758887750544414,8.555843148813592,0.9604131317426629,8.913679916777092,0.5704288643261947,363.28557877312005,255.1242533015941,0.8694077534727732,231.79825022501575,193.37058069535206,17.1875,0.025366663591919563,133.38841545572905,111.36441873938334,144.71361058176805,218.7609375,296.0437774658203,242.3412322998047,0.18140068886337543,263.0126953125,-1.1634722785836316,0.2981753410108162,16.301219793951645,212.2455596923828,192.09938049316406,0.0949192022128403,191.06426239013672,-1.0714874986771246,0.09107406997180008,12.052928691590093,327.74620056152344,248.15025329589844,0.24285848967662865,275.9439468383789,-0.03591761744130073,0.41996571203666194,19.293426349966012,1.023970419482341,0.7741252645996762,1.2615409361428342,3.0,0.0,6,DCM
107.0,173.0,35.751278024658355,13.520817282989961,2.7950849718747373,1.611500964604814,8.085721715925882,1.0392653224029476,9.280441735052413,0.6244690353707436,311.2957249080741,247.0433199455459,0.9087877493055604,235.9403858487467,203.123629022557,821.875,0.9517950202663579,128.01335934164348,84.40971320568052,136.59214243887388,200.9765625,14.630874888399532,1.25,1.739484260707966,8.770589410822447,1.1500743364776804,9.985982522204914,0.624085868534247,285.3858223313768,231.64300730750307,0.8971570789514001,225.9403858487467,191.58809511662426,717.1875,0.9857400566961602,109.19516123840157,85.12633444432467,120.13741630539101,202.6828125,294.328125,228.97265625,0.2220496894409938,264.12890625,-1.174366834869649,-0.29157635891129197,21.427335902851816,194.73046875,194.23828125,0.002527532045495577,193.4296875,-1.2491751606087627,-0.3508914729298064,1.1533363334712292,313.875,276.78515625,0.11816756272401434,298.125,-1.6235785671995657,-0.12701713653148586,13.718987375955969,1.2088131429448794,0.7017655277530801,1.1788235294117646,-1.0,0.0,7,DCM
100.0,180.0,30.864197530864196,13.287682265918313,4.5069390943299865,1.3293238599807506,7.873558134707596,1.2473635596981851,8.898780266377779,0.561431276481145,269.0469875665449,199.5366667740868,0.9007697523382403,234.60155108391487,190.7042116401411,0.0,0.0,73.06352116480562,77.68938679325831,124.99619994223823,182.4046875,14.142135623730951,2.7950849718747373,1.6459400246863538,9.26591582517331,1.2035113773503017,10.108595138313515,0.6277997775862073,231.67261889578032,162.51542842540442,0.9229952516778624,217.10155108391487,171.54215357060588,0.0,0.0,44.44883876523801,84.99853399471075,104.20775546391988,199.565625,168.0419921875,99.8779296875,0.40563707685602207,133.50830078125,-1.6461236922773685,0.09056516319759399,25.73426581317602,193.6767578125,192.3095703125,0.007059120131097945,183.056640625,-1.681471055918449,0.03645000678051187,6.955245658345513,286.279296875,234.7412109375,0.18002728978338733,266.10107421875,-1.5639127476811017,-0.21405966843609053,18.72266622765504,2.350281104864336,0.8192407696307852,0.5193601624984131,1.0,0.0,8,DCM
61.0,153.0,26.05835362467427,17.001838135919304,5.0,1.7406986083441656,9.256152924289403,1.2368182192275752,10.353497703545736,0.7776158122118277,238.99494936611666,131.08123388779165,0.8716926862383421,217.8337841309485,187.17235739064873,0.0,0.0,45.0858071395456,118.64379640294543,159.03276095627922,200.58281250000002,15.461646096066225,1.25,1.786831059270601,9.822848438969652,1.2954170429608811,10.957159176733667,2181661564993.2908,209.33504678941932,100.86577575553876,0.9110854185056498,211.06601717798213,172.76182348471596,0.0,0.0,23.67829733544797,127.65901698681067,140.7597142830626,215.82421875,89.7780867498368,44.71146856248379,0.5019779304601291,66.95505033060908,-0.7705205307776564,-0.09495011083108476,11.249095938468402,214.84683096036315,206.30454787798226,0.03975987471724378,203.36989045143127,-0.9466026599711834,-0.18360800271785108,7.78613114075343,257.7264751419425,217.12726539373398,0.15752828546562228,232.39869926311076,-1.6120347175544982,0.09379555915592881,14.115849946829448,4.8561872909699,0.950154958677686,0.21672555948174324,6.0,4.0,9,DCM
68.0,170.0,23.529411764705884,12.374368670764582,2.5,1.2428307662362938,7.474963313107454,0.8952556081221819,7.761908462901042,0.5857087994611712,334.5279579551077,232.4298474560952,0.9121216545152834,233.74368670764582,194.929085374294,379.6875,0.9852416477457022,148.24920435160695,95.46997638194003,165.1912231761671,179.63203125,12.5,3.5355339059327378,1.320351548863444,8.07509327589919,0.8664299148475627,8.381667223177413,0.5337863252193712,308.7957249080741,225.88595265627634,0.8948245233885362,221.49494936611666,179.19227983645297,723.4375,0.8170972751658901,116.9548628377899,91.79034079575146,145.3281666232345,172.70859375,271.142578125,221.7041015625,0.18233387358184766,234.1552734375,-1.2367057356695705,0.5587331082037852,16.820927192861262,176.904296875,166.1376953125,0.06086116478056859,169.7265625,-1.1978974577222596,0.4129532377633524,3.966715581660797,300.0244140625,262.20703125,0.1260476849214745,284.619140625,-1.4490203063586122,-0.16760146027196507,13.094303339772456,1.1826891311529568,0.6336126629422719,1.3344599559147685,0.0,-1.0,10,DCM
70.0,180.0,21.604938271604937,11.524430571616108,1.25,1.3810426830769567,7.262366066779616,0.9425944755102194,7.7375793346199,0.49336978552766286,302.7081528017131,207.41848721375806,0.8891548839960167,223.1370849898476,186.52526243132218,346.875,0.45997016409746394,78.39941493224774,74.4990711830883,123.26589591829598,146.34375,12.311072252245129,1.25,1.5799779251593418,7.814550970370427,0.9270959928583135,8.277447105577238,0.5278689716584151,307.10155108391484,182.63009550107068,0.8946517025103431,206.49494936611666,172.25171345608598,50.0,0.08972633467922836,64.81085116376292,75.09205706358149,106.22799174637893,147.50859375000002,148.72842282056808,115.0827485024929,0.2262222222222222,131.21151968836784,-0.9789279711840448,-0.019285406529411908,9.769227613362995,145.15894067287445,143.59453800320625,0.010777170613236187,143.19792887568474,1.0157335513253685,-0.6875477123366278,1.1638892893352353,230.03329396247864,197.577447026968,0.14109195402298852,205.37742653489113,-0.9719536021584161,0.71687407556954,10.911494150664224,1.716829408385985,0.726775956284153,0.8014423814638637,-5.0,0.0,11,DCM
59.0,160.0,23.046874999999996,11.524430571616108,2.5,1.2263011520412952,7.106211257020402,1.1275044953641873,7.1955198420471795,0.532574571289905,251.67261889578037,152.573763335651,0.9144601191266128,236.97591975467944,200.75015318615948,0.0,0.0,59.50579032981653,100.58186450429828,186.86381312262475,171.01875,16.298006013006624,1.25,2.0688417956094214,8.402384747180992,1.4095407661492287,7.753595968926416,0.4333990759428349,206.79825022501575,99.45036293459506,0.9170034311844051,223.56601717798213,177.3276874765386,0.0,0.0,16.692884266350347,106.15902468114827,149.7824522928072,180.5015625,109.6435546875,29.3701171875,0.7321309285237141,46.4599609375,-0.9341718763557818,0.6537617156694527,26.13548982289955,177.4658203125,175.29296875,0.01224377493465401,170.7763671875,-1.370000429262676,-0.2878188879395139,5.523967453111456,304.98046875,236.328125,0.2251040666026257,263.07373046875,-1.640600488660718,0.14205435505717323,26.197915162528204,8.046550290939319,0.7417355371900827,0.16754874651810586,5.0,27.0,12,DCM
57.0,175.0,18.612244897959183,17.67766952966369,3.75,1.4460293647389246,9.858989275426172,1.1355261555240352,11.221251368108266,0.4990819012099894,300.26019100214137,189.66801371683147,0.8991618508688223,229.60155108391484,185.44900782009827,0.0,0.0,80.3223407563367,133.53577417315014,154.5808469762011,233.39531250000002,20.155644370746373,3.75,1.719763999311688,12.151622555672915,1.0725961372705903,13.225130714469671,0.5226947717699486,280.3858223313768,163.75811114013416,0.9307204544160144,193.08504678941932,150.28390142335812,0.0,0.0,62.71281507456883,145.11901228151984,108.62336417346363,253.640625,133.89983342960477,104.25804503075778,0.22137285491419656,118.65071043372154,-1.5165320292301425,-0.010938411428987556,9.80980047175411,247.76691486872733,242.92061824537814,0.019559902200488997,236.2151819691062,-1.4645368896629096,-0.1975278160338604,9.737847325625987,258.04440598376095,181.88234784267843,0.2951509754715454,220.1200459850952,-1.5116567945455823,0.015828236369314727,26.917323933185322,1.7445401723101583,1.335592052371655,0.42918565654828444,-1.0,0.0,13,DCM
75.0,175.0,24.489795918367346,12.311072252245129,1.25,1.2706275399819718,7.33534173495412,0.7403239454203555,7.490051573060432,0.6004527156684952,296.1180553784104,211.88058021479407,0.8988582717984043,243.1370849898476,207.69469683442247,0.0,0.0,98.86907061867225,89.27839434280038,168.37692410609174,178.9921875,13.287682265918313,1.25,1.2842208026298656,8.288766596309587,0.6991002648472122,8.169628542614017,0.5379893479572441,283.9213562373095,212.90960934567326,0.8999848261660087,231.36931803688122,191.87362902255703,0.0,0.0,91.9788407344708,92.73169245578497,145.84865466285345,185.915625,191.7247211728245,174.71492335014045,0.08871989860583017,185.76194589212537,-1.25347433993741,-0.3419370506910358,5.3591948839091375,180.58423820324242,176.84582109935582,0.020701790704895973,174.72426939290017,-1.3088160405852713,0.08704847047741268,3.389745617675405,326.5694261100143,278.5681504961103,0.14698643466315608,304.8679148219526,-1.4950697952439582,-0.07712600846560234,16.869208366057567,1.5944153204236653,0.6348386230960209,0.9879505337702146,4.0,1.0,14,DCM
57.0,158.0,22.832879346258608,9.762812094883317,1.25,1.000547567444062,6.662834982174747,0.7740367684818578,6.929534464729363,0.5582454990352297,239.47591975467944,165.03491940189255,0.926507535687479,211.79825022501575,162.37494979327934,0.0,0.0,69.2802017931476,71.8190598939374,121.93434061497516,119.2734375,13.050383136138189,4.5069390943299865,1.4410941038547551,8.934869257070346,1.0020694474319005,8.705433691809079,5609986881410.798,195.4594154601839,119.68565751683731,0.9260245742209158,179.12058069535206,145.93164898777553,3.125,0.0070264193367060145,32.96564000908791,80.11727314165506,83.45631609133194,133.0546875,110.47022541984916,54.48742928914726,0.5067681895093062,84.45084237679839,-1.3830133912043994,-0.08482983160881258,18.683147590775135,133.23718558251858,128.47070377506316,0.03577441077441077,125.38650966435671,-0.1392624893305947,-0.3793520337677157,4.79206240294132,193.85561892203987,132.2838892210275,0.31761643043100957,160.6397829540074,-1.2726585774062138,0.09530385762639484,19.624407294654304,2.42778730703259,0.9711742263671047,0.42412338134730104,0.0,0.0,15,DCM
54.0,173.0,18.042701059173375,17.41048534648015,3.5355339059327378,1.454521734260226,8.522669610756992,0.9430967676481594,8.15004619991716,0.5240107060523751,318.01145366061223,240.35916193144112,0.9243326845648102,260.81475451951127,208.81157543974055,0.0,0.0,147.3360826743658,123.10662023061559,218.53074013518508,208.228125,15.258194519667128,3.5355339059327378,1.4569116217705558,8.975086392083327,1.0264376553288075,8.491726654036084,0.4368036731723171,357.1612101023554,251.37749505119316,0.8922809810916065,249.04698756654489,219.26215513754042,470.3125,0.38756695508858674,130.68196457351746,123.60129700588831,196.07629435564877,209.06484375000002,249.64694373123348,187.7313265260309,0.2480127186009539,208.46386703755707,-1.7292853145972873,0.17705176800607397,23.9348588221186,200.0559601802379,197.6954794973135,0.011799102015244858,197.23591688647866,-1.077427186968974,0.15690691447710958,1.5948324410348478,353.84232113324106,316.0537409968674,0.1067949701871421,342.1756975809112,-1.5655152391438272,-0.3009261440305601,14.167529165176793,1.6835428952932012,0.6255122273628553,0.9495984784446323,-5.0,2.0,16,DCM
85.0,178.0,26.82742078020452,15.05199322349037,1.25,1.4193734967804257,6.615704188845226,1.2759640455813246,7.11601587483664,0.6151257530118753,313.61805537841036,243.78880556699,0.8386361835237631,264.0469875665449,231.22225213368043,901.5625,1.0536118618070265,138.5167636831638,73.05398810955897,165.2003330490027,157.25390625,13.806701271484076,2.5,1.4353931623725111,7.477142051809738,1.2894611230732913,7.369295832463485,0.6133863252344517,292.76019100214137,236.23451765514827,0.879233411219863,246.24368670764582,211.5459955283593,757.8125,0.8840040828229805,125.78090409724066,77.0706236582014,144.7055835417931,165.9,289.74609375,258.4716796875,0.10793731041456016,266.552734375,-1.0489361114362497,0.6002157197364111,9.946938740993046,160.693359375,157.5439453125,0.01959890610756609,157.0556640625,-1.0089291471413662,-0.5030898599568709,3.9845634118781437,338.427734375,297.5830078125,0.1206896551724138,324.853515625,-1.6065855360908672,-0.24393304261812873,14.966598797817712,1.1513176537262682,0.5294117647058824,1.6406322640632265,-2.0,0.0,17,DCM
79.0,161.0,30.477219243084754,10.752906583803284,2.7950849718747373,1.1594258403166549,5.999288440713832,0.9194386899468682,6.356736463070899,2454369260617.56,292.1535892843431,186.61788632930472,0.9159733566008532,220.9403858487467,176.64278938656003,1.5625,0.004984051036682616,89.49508157107165,52.21239154262503,103.60182069666226,103.04765625,11.524430571616108,2.5,1.283608977129789,6.982978087840277,0.8580637653680578,7.216627376658396,0.5903533131397705,275.60028842544403,182.128195904966,0.9125890475977401,196.92388155425118,153.45385767898347,168.75,0.6045678459471563,75.47146995947979,54.70621696258801,78.37262019803673,107.96953125,170.1540544833988,144.07859518378973,0.15324618257717237,153.8545559104532,-1.307996798969502,0.4058608792259199,8.808239129809856,104.39529762603343,103.5354616921395,0.008236347358997314,102.0587869361043,-1.1171966370244497,-0.3807350023872633,2.23469052983683,196.32297421060503,146.50856630131602,0.25373702751594784,160.45286209881306,-1.1412198438852894,0.5563907381071803,16.979624892802498,1.0168655941878568,0.7066853789231947,1.3915869290485647,0.0,0.0,18,DCM
97.0,191.0,26.589183410542475,11.524430571616108,3.75,1.1519308376506792,7.196530828185663,0.9668888773050085,7.514053721720951,0.5140584139645752,274.77922061357856,201.5770561473032,0.9054291968197397,242.70815280171308,208.12147352971914,0.0,0.0,77.53385750120336,75.80506668368518,142.16032857998022,180.56718750000002,15.05199322349037,3.75,1.373071657712062,9.47781044434871,1.0208583864760326,9.838210267813752,0.45278440238652784,248.1370849898476,160.50509550107068,0.9165632852462864,210.762716319083,175.19900782009825,0.0,0.0,47.827583413729776,89.60784277255536,102.21217423095476,213.4453125,176.01247994974256,109.85635319910944,0.3758604319962022,139.2579156877473,-1.10872978041595,0.19671696037855588,20.34785919417633,209.12187713943422,204.81869996525347,0.020577364898611526,192.7656260356307,-0.9594443933339512,-0.2430017508302023,9.642526320394706,325.22410400398076,230.47064933367074,0.2913481919198407,281.0120919207111,-1.2995254407608383,-0.058475432683522066,30.807090967722214,2.097927362616467,0.888697543732439,0.5363590005099439,0.0,1.0,19,DCM
106.0,182.0,32.00096606690013,11.524430571616108,3.5355339059327378,1.3227191002930934,7.005821002901749,1.0462374907372252,7.694218247406321,0.5979762663983903,314.52795795510775,209.4048455332158,0.9026182355541561,244.04698756654494,187.9778137423857,0.0,0.0,71.82325660175627,53.38315350655863,94.76539072349009,129.75703125,12.5,2.5,1.5170572947610341,7.592159793142688,0.9528184892054096,7.980101115592068,0.5873108132355659,297.1535892843431,219.54969967286635,0.8821786513301553,217.83378413094852,175.44910027612423,0.0,0.0,72.9639511197242,54.72633817564513,79.24789547610378,133.021875,175.04261014051735,162.96111666038632,0.06902030008826125,167.68865758739412,-1.0575838510500561,0.412685330574652,3.573428356551078,125.97506117261946,124.02842667326331,0.01545253863134658,123.22505370527506,-0.9532643463032837,-0.6741859802325071,3.8498356207216413,223.18319029919803,187.09320466034114,0.16170566246711893,211.45703486260027,-1.4240076922498364,-0.3451931957780912,13.055304738158943,1.1480849450132726,0.6629232039636664,1.3139013452914798,-8.0,14.0,20,DCM
110.0,192.0,29.83940972222222,24.622144504490258,5.153882032022076,2.833765368594448,12.773600334931015,1.6766589758658335,14.80205236740408,0.607772505794808,274.904851942814,191.27936722909055,0.9182933127342517,186.44291116568837,146.3341539550523,0.0,0.0,64.54185041067913,106.09893190449172,69.29620760734785,269.83359375000003,27.95084971874737,1.25,1.9804939713464518,18.880280084431917,1.3235704158565595,22.188999179925283,0.5153236529836273,205.75509550107068,154.28453275259352,0.9447264017139165,113.76524163602468,87.77681947855524,0.0,0.0,19.11419318009418,115.20123584546806,20.449541809280646,292.9828125,161.86085510253906,57.611968994140625,0.6440648422520481,87.75809478759766,-0.3634585608517713,0.8144485667587612,31.261580446705725,293.7307586669922,282.6428527832031,0.03774853520315052,271.301025390625,-0.9919207293039265,-0.17508212148332583,12.122880838747697,170.01455688476562,50.19181823730469,0.7047792897444407,105.84294891357422,-1.3260742225593127,0.06807394028882041,39.29548529223434,0.8712047012732616,5.631253513209669,0.20383310041924535,0.0,-29.0,21,HCM
42.0,165.0,15.426997245179065,14.252192813739224,1.7677669529663689,1.88738102695769,7.234540461177036,1.1691360962479962,9.60383045387632,0.5295423326985036,238.26271631908298,183.19037463194988,0.946108821639477,175.58504678941932,115.36041960466895,0.0,0.0,44.19098254521717,46.13925980829631,50.63268540349041,67.21640625,19.525624189766635,7.2886898685566255,2.031705254502265,13.190489896868073,1.1756187398506996,12.036961338818756,0.4978574003477547,201.92388155425112,176.51694013638158,1.263510606806445,109.49747468305831,67.06980515339464,0.0,0.0,28.24438945550577,51.702548640441385,16.779960242704785,75.32109375,64.210693359375,40.1044921875,0.375423467816446,47.6883544921875,-0.6149748283142684,0.6390265198904428,6.910767424882504,79.93212890625,74.513671875,0.0677882236516576,69.668701171875,-0.13989638185428488,0.1944960197111533,4.585699335281278,70.400390625,21.7529296875,0.6910112359550562,54.1153564453125,-1.1518915757249295,-0.5110814700003328,15.257548842402862,0.5424063116370809,3.4254545454545453,0.5382165605095541,-4.0,-27.0,22,HCM
74.0,166.0,26.854405574103644,23.251344047172843,1.7677669529663689,2.1028545728909007,11.156905162276644,1.1428974453358283,11.82865813119406,0.712364604611902,216.1916485072175,136.9938821949952,0.9261383527689977,139.0685424949238,110.4192707669039,0.0,0.0,33.89383531443776,76.2970787462512,39.9586917957085,147.984375,25.647855660853992,1.7677669529663689,1.8689580916231134,14.533800736274529,0.7335286630892374,16.95208821196103,0.5221859190956935,162.26397897755388,119.65432893255073,0.9304720772192009,79.62310601229375,74.15588920247724,0.0,0.0,16.968064297669613,82.49727372640665,13.305466171602344,160.01015625,75.99520874023438,32.5872802734375,0.5711929631665751,44.30616760253906,-0.44605750563115,0.7557984159413142,13.088922575249528,160.4923553466797,156.4189453125,0.025380710659898477,151.9695281982422,-1.1838974007512062,-0.21529325309140712,7.154786515451941,74.99252319335938,23.270660400390625,0.6896935933147632,41.903900146484375,-1.3974690940083203,0.384613446201637,18.45414030056628,0.7141025641025641,6.721723518850988,0.20833333333333334,-2.0,0.0,23,HCM
85.0,175.0,27.755102040816325,16.00781059358212,1.25,1.6250510856662688,8.693818561540095,1.3676216813720503,11.99795828394245,0.6447302076693732,221.49494936611663,144.39196806314575,0.9823155606910193,164.5495128834866,119.01492597140698,0.0,0.0,42.06189916473741,58.396244143733576,47.58098607999353,124.63828125,21.25,10.606601717798211,1.4837067438258342,17.61673424878934,0.9282568001949365,17.439549730530008,0.6543601238727553,195.03048327204937,124.45762979144982,1.0035745694581306,90.35533905932738,64.25109509788567,0.0,0.0,21.86880539540898,79.1735309570167,12.890680719894855,168.984375,86.03515625,44.775390625,0.47956867196367764,61.767578125,-1.0796701731404093,0.20871727645834243,12.335436633457041,162.4267578125,161.328125,0.0067638659251465505,129.1015625,-1.4189104318643293,0.45548018985022576,15.208687752274194,99.8779296875,27.099609375,0.7286726961623075,80.859375,-1.3467683072942467,-0.46412988719194037,25.205570686045377,0.6052344601962922,5.953153153153153,0.2775423728813559,-1.0,27.0,24,HCM
82.0,174.0,27.08415906989034,21.830311495716224,2.5,3.649595215199842,10.022576554832858,2.808470476368644,11.230613254986554,0.5072741828631251,277.2792206135785,191.09646840204053,0.8879026678870999,197.6561146012848,156.40681607821304,0.0,0.0,66.799054690323,89.51277390942707,83.14759551043143,187.11328125,25.739075352467502,1.25,3.461412176727987,14.06767896353106,2.9025455202596206,17.030320460162766,0.6156644644555974,205.4594154601839,130.65585309615318,0.8967709868698015,131.73859120657514,90.02666039993562,0.0,0.0,23.624151641155237,102.25882781814339,28.341133414023776,213.75703125,140.78826904296875,42.00096130371094,0.7016728624535316,90.05813598632812,-1.188844428347396,0.17675708816810048,32.042851043871195,212.67776489257812,206.9580078125,0.026894005976445774,191.81747436523438,-1.3823291486598792,-0.014275544256152881,11.175767590902922,171.20018005371094,57.06672668457031,0.6666666666666666,128.78799438476562,-1.5153807341988776,-0.22392360610712025,39.13639770333631,1.358700489541611,3.6265967900425813,0.20294436416184972,-1.0,0.0,25,HCM
70.0,170.0,24.221453287197235,24.748737341529164,1.25,3.1212065730943768,12.027723967550726,1.7351390693988367,15.529372889912777,1.9222240099140073,249.17261889578037,147.43980971147502,0.9078079207837231,175.58504678941932,144.6604255869606,6.25,0.04725897920604915,67.90157648456155,129.76153693714653,88.06321405357576,247.71796875,25.031230493125985,1.25,3.120299124117332,17.064028764748283,1.4692866380785277,17.691644150230054,0.8320275065960588,216.49494936611666,139.24929130007018,0.8844742296463494,137.4784450716211,113.12453771987026,0.0,0.0,33.81758049193136,138.43293178247276,41.93036219063103,264.271875,134.5264434814453,61.02943420410156,0.5463387522578852,110.24551391601562,-1.6100319077571787,-0.28250257302263776,26.728282843457844,270.28656005859375,252.5665283203125,0.06556016597510374,250.74405670166016,0.5276745862127936,0.6673314986656892,6.875505027390757,173.27499389648438,77.68402099609375,0.5516720604099244,120.10555267333984,-1.5176178887674676,0.08812421737543469,32.97331994883468,1.272894333843798,3.251203079884504,0.24163706335109533,3.0,0.0,26,HCM
60.0,158.0,24.034609838166958,19.56559480312316,1.25,2.736364234463803,10.58766119479477,1.8645056884243738,12.075880151664272,0.6045811555988319,226.53936674853256,144.72416116568837,0.8989395692727535,166.49494936611666,145.62931889120657,82.8125,0.09207143353484817,60.61259002689616,107.21543922946604,84.84799734980285,182.68359375,24.2706097986845,8.385254915624213,1.687476104106203,17.57662846349705,1.097397101962011,19.797460770946497,0.6153791960930511,187.47844507162114,131.53713466261496,0.9366879106618351,87.42640687119284,78.90882029800802,0.0,0.0,22.482986133884438,115.50573946984056,20.181729737311255,196.80937500000002,102.26402282714844,37.55226135253906,0.6327910802412722,52.17876434326172,1.1155976818154096,1.364144860352032,17.485437568989955,206.4159393310547,182.90138244628906,0.1139183192972924,189.62116241455078,2.1299007740286404,-1.3016532921756692,11.752717907727451,139.3115997314453,33.14094543457031,0.7621092177646586,95.31993865966797,-1.2874634733455486,-0.19975077337663924,33.31393949164815,0.8825286212045794,5.518894529046813,0.2053142565150741,2.0,-29.0,27,HCM
76.0,177.0,24.258674071946118,17.67766952966369,6.25,1.654458454812636,11.285487837985881,1.5225112323798546,12.042470069554586,0.6009046616742864,284.2246570962086,197.72369327716024,0.9135081359178489,165.71067811865476,135.18304063626263,0.0,0.0,86.89330406697606,94.21659090276027,65.02044073625632,191.23125000000002,24.906073556464094,1.25,2.3674486421193808,18.327649221655882,1.3789476554014306,19.19500881646071,0.7538768005538742,221.36931803688122,130.8511775051554,0.9506258549487487,124.37184335382291,89.94734542606541,0.0,0.0,37.37624539587882,118.77304278699035,20.005667680536348,241.0734375,171.044921875,72.5341796875,0.5759349129317728,144.12841796875,-1.3652354465650367,-0.4853087346748183,33.51361678917473,234.326171875,234.3017578125,0.00010418837257762034,195.703125,-0.9822521910280368,0.7382056614557396,16.03449471271714,127.490234375,39.5263671875,0.6899655304481042,102.587890625,-1.1406593423998794,-0.5380850537801621,28.469951066438956,0.5449343655334904,5.9277331686226065,0.3095759091382724,-1.0,0.0,28,HCM
55.0,163.0,20.70081674131507,20.348525745124633,1.25,2.6315123299754646,9.753866448785352,1.2759733730074578,12.96218425478309,0.6072252348254195,252.10155108391487,152.11137594585279,0.9189055794795279,162.35281374238568,139.21390847373956,0.0,0.0,69.57706151156484,124.51986986899665,103.02395403839934,206.32500000000002,29.81715110469141,1.25,2.6267861228691465,18.358782789303177,1.271877020303043,20.022005587678503,0.6008319042417546,203.99494936611663,114.11041960466893,0.9655583480177643,124.37184335382291,70.35533905932738,0.0,0.0,29.97150493745649,139.3026438602826,21.188972767147966,230.81953125,114.60075378417969,43.627166748046875,0.6193116946664492,83.87107849121094,-1.5958750251455252,-0.11757449094725178,23.84647778170607,221.05178833007812,219.08912658691406,0.008878741755454084,200.51860809326172,1.177208666001043,-0.46145233777515765,10.26977982444225,165.42434692382812,23.140716552734375,0.8601129943502824,136.69471740722656,-1.3895301834136677,-0.5071695800408157,52.25702582295659,0.5304198800342759,9.467689822294023,0.19912976708471974,1.0,0.0,29,HCM
54.0,150.0,24.0,18.58258593414813,1.25,1.5715990489573766,9.964983538882166,0.9834475398023229,10.438043988567358,0.5178526648025336,202.9594154601839,161.248569780944,0.9178458434065073,131.5685424949238,113.50720491709843,0.0,0.0,51.979166666666664,90.57291666666667,57.916666666666664,142.65234375,25.647855660853992,7.0710678118654755,1.983297969091956,17.67849622675168,1.2901020177896465,17.010480410676234,0.6814890755695663,194.68276503073434,99.5899019359533,0.9645594443831922,90.96194077712559,58.37618528777644,0.0,0.0,16.354166666666668,106.84375,13.114583333333334,168.27890625,80.00595092773438,26.028045654296875,0.6746736292428198,56.75617980957031,-1.396740054121407,-0.14782954488493583,18.220450260979085,163.31240844726562,155.20736694335938,0.04962906114095677,147.060546875,-1.2144044149140842,0.21690081641819295,8.712670791529929,88.31988525390625,22.852874755859375,0.7412488174077578,55.58638000488281,-1.2041256401125897,0.12381059050337155,19.9517566122932,0.8780096308186196,6.791590493601462,0.1676985195154778,-5.0,-34.0,30,HCM
89.0,176.0,28.731921487603305,16.25,3.5355339059327378,1.6711871241859886,9.46783490617057,1.386060929069509,9.69993899314803,0.5458934514599563,279.29825022501575,177.4192763753023,0.905154808284836,193.6916485072175,150.29646455628168,0.0,0.0,61.13125573960477,86.93657077733769,83.67064411363623,190.41093750000002,26.83863819197986,9.100137361600648,2.367967445421415,17.685684444788052,1.0766623252479828,16.68851762738885,0.6769982673120492,215.58504678941932,112.06896338108074,0.9576195980413856,115.22970773009195,88.32452066610765,0.0,0.0,21.280957916458416,97.78304281641962,21.243504629030646,214.1671875,131.1885986328125,46.46905517578125,0.6457843466577091,73.86795043945312,-1.0470025937351655,0.521158201211567,27.328830728883972,209.34210205078125,204.62689208984375,0.022523944847910746,185.36944580078125,-0.8878839594056673,0.7351924260829361,10.38922224174828,176.1373291015625,44.88262939453125,0.7451838879159369,118.07855224609375,-1.2801251579253217,-0.052657853038299805,43.60365805839831,0.9658605974395448,4.559155621011291,0.22709163346613545,-1.0,0.0,31,HCM
123.0,186.0,35.55324314949705,18.58258593414813,5.0,1.7488711163392954,10.332667353023641,1.7072874475883997,11.093709952221086,0.6441649636286098,258.7436867076458,178.70306727112848,0.9286882398649446,170.58504678941932,138.8215908221287,0.0,0.0,66.02271907836266,74.55757489613447,60.27703182849013,197.35078125,26.010815058356016,10.606601717798211,1.9486882945947896,20.10156406517836,0.8752175746707204,19.021577948334663,0.6187141197268264,191.62058069535206,112.0911720722887,0.9813830437904772,92.42640687119285,67.63869558868517,0.0,0.0,17.708121329973913,87.22040019439723,10.419094139197112,230.86875,171.2890625,46.1669921875,0.7304732041049031,78.62548828125,-1.0982186882909726,0.5335622666477858,39.91400568759296,231.2744140625,216.0888671875,0.06566029768816636,207.97119140625,-0.9544702302262014,0.06968059734086979,13.54483679809108,156.591796875,28.857421875,0.8157156220767072,88.63525390625,-1.1452665356337608,0.14388504905251748,40.47358045056749,0.6250661025912215,7.488155668358714,0.21364817534741837,2.0,0.0,32,HCM
89.0,165.0,32.690541781450875,22.980970388562795,2.5,3.4888984084572696,9.121913560643602,2.193325195603458,9.440947790539852,0.6602987039010202,266.9238815542512,161.90465874383602,0.89203654025437,180.762716319083,138.0479596637584,0.0,0.0,54.262532943885056,71.44489474433682,66.43176081966652,151.51171875,25.76941016011038,1.25,3.6562207540631158,14.304212467775928,1.818133524610692,13.95008026312925,0.8453233979709941,187.78174593052023,102.35491817317045,0.9503258724174375,128.03300858899107,86.9622564417433,0.0,0.0,18.72962535744878,84.57342602545644,24.13731148915332,179.353125,112.646484375,36.962890625,0.6718682271348071,53.91845703125,-1.3540220702587904,0.5845470782399347,29.29389954327506,173.583984375,165.0390625,0.04922644163150492,162.4267578125,-1.1849732653527023,-0.22529868614020765,8.634942330469286,151.025390625,47.6318359375,0.684610410604591,79.7607421875,-1.257945133187214,0.4458777784261759,35.481774986336845,1.2886393659180977,3.4648898001025117,0.22396449704142013,1.0,0.0,33,HCM
79.0,172.0,26.703623580313685,23.351927115336757,1.25,2.8983488763668483,11.961643097935802,1.7694564969790636,14.784976650381205,2181661564993.3918,258.8693180368812,148.6264980277645,0.9189690577837043,173.08504678941932,131.88961030678928,0.0,0.0,57.19858105892617,119.83392263470192,72.92979935915953,244.453125,28.50438562747845,1.25,3.340092209625451,14.586518374383015,1.2579204836134126,19.59691517514047,0.6397709564049866,217.9594154601839,112.0460600292444,0.9078851456748163,146.96067811865476,105.78668824543142,0.0,0.0,20.870404646781978,130.0238273312232,44.4431044617022,265.23984375000003,118.9453125,35.0341796875,0.7054597701149425,57.91015625,-1.1900601968538134,0.49189787737676294,27.643108190965666,273.9501953125,265.625,0.030389448355761517,254.11376953125,-0.607895071206412,-0.31287085334386217,12.041742860273619,146.7041015625,65.4052734375,0.5541687468796804,91.162109375,-0.9485016390627927,0.5821354155688745,24.60469289169015,1.8668989547038328,4.061216871967152,0.13189338235294118,-2.0,1.0,34,HCM
80.0,170.0,27.68166089965398,17.41048534648015,1.25,1.8950569252341125,8.795818631066442,0.7251566236591294,8.897729722531317,0.6324089907940736,280.9403858487467,200.77498184055085,0.8926461533729771,175.28174593052023,147.7940114519881,439.0625,0.7500533845825326,69.21575709735943,51.023508745289234,49.76138634525608,104.13046875,24.04423007708918,1.25,2.895201696779116,14.580264406800511,0.8984010802924356,15.863066451781512,0.9930064469539183,263.01145366061223,144.9697720382164,0.927830919777254,131.5685424949238,83.21532282211025,9.375,0.12594458438287154,32.36499861486284,73.25133317899409,17.75814255842822,149.49375,149.36271790787578,59.61530467309058,0.6008689081979599,117.31208558008075,-1.6504475133381502,-0.23328058109507738,33.86666600672814,149.09468885231763,148.6996986651793,0.0026492572618033875,114.94214445725083,-1.3789735180775409,0.4333544796854083,16.76579340438004,105.01096260920167,37.580494947731495,0.6421278882321333,88.96448625670746,-1.355613120866442,-0.49575382568666,23.826368285006676,0.6303833412210128,3.9568318318318316,0.40091072953230245,-1.0,0.0,35,HCM
80.0,160.0,31.249999999999993,20.0,3.75,1.9144593116129576,8.274947498982229,1.2518147411262175,9.597883824104315,0.64825874921558,271.97591975467947,161.32647897755385,0.9257681420360631,182.65611460128483,145.7263820348092,104.6875,0.7915879017013232,64.56768795709662,65.21402774927495,72.26576061009236,129.1171875,25.310570914145735,1.25,2.1400831926294828,12.371827357303971,1.3376364406023278,13.916524351178978,0.574860529560251,205.15611460128483,127.94925436950076,0.9620005136672165,119.49747468305833,92.06029034767603,0.0,0.0,26.193334398406368,80.22071189844101,29.48303821244222,158.82890625000002,124.10279413498938,49.02697489224374,0.6049486618414408,111.33948707953095,-0.11253867811058305,-1.1117556457734925,22.200361285977205,154.78904301300645,148.75206144340336,0.03900134952766532,131.6855772137642,0.5623059248754703,1.2495781452855266,8.319807097297586,136.07231122627854,53.07948155142367,0.6099171016272643,122.61966025456786,-0.7957159447941087,-0.9081714894541199,27.811797727340622,1.0826587132509586,2.802439984258166,0.3295885409352619,-1.0,-34.0,36,HCM
105.0,169.0,36.76341864780645,17.5,1.25,2.0862843429947246,9.882359690167414,0.9319422104279693,12.427661719030006,0.624796360977076,207.78174593052023,163.79126073623883,0.9300695694985288,121.2652416360247,104.76796015194431,0.0,0.0,26.94750994701875,46.03386329680064,26.264849078682158,107.31328125,22.5,13.806701271484076,1.9677246126601617,17.765796112393907,1.1730389924786122,16.151762098239047,0.838567876971097,147.78174593052023,90.7214555828442,1.0040194291127458,63.2842712474619,54.30679560328757,0.0,0.0,8.255270088235308,48.841921920164566,4.321172919161533,113.859375,64.4765625,19.37109375,0.6995637949836423,39.041015625,-1.1966513073364775,0.23859798950591976,14.582268364667401,121.74609375,115.34765625,0.05255558764077389,113.291015625,-1.0032498442283708,-0.15292797474194827,5.336425387193748,60.46875,11.49609375,0.8098837209302325,30.76171875,-1.2987105477345426,0.3266393302245818,16.737196125123806,0.5934664246823956,10.033639143730888,0.16793660469369096,7.0,-29.0,37,HCM
59.0,160.0,23.046874999999996,19.56559480312316,1.25,2.7382216367280177,9.049420248630032,0.9172017509683863,9.269558336216846,0.5512973626795166,249.904851942814,178.3491869179602,0.9198027118706886,169.12058069535206,152.88897897755385,0.0,0.0,66.38557442340485,86.47492993932474,85.63546119298228,147.0328125,22.114757516192665,8.385254915624213,2.768403928689757,13.569580242872556,0.8115542508221166,12.869511888242949,0.497536828700398,224.904851942814,150.53195637359872,0.9098063052246442,121.5685424949238,105.67350797549172,0.0,0.0,37.68925199096211,94.69593421385105,35.566457459981144,161.0109375,110.72907839203253,64.06939336750656,0.4213860144245845,86.53465323569253,-1.4678052081555057,0.06498549540551661,15.8663693026047,157.27070795511827,155.9026534901932,0.008698723892789332,146.6491886449512,-1.6074712088313434,-0.018456462140921722,7.916354748294763,138.65266724210232,58.29856463475153,0.5795352098567564,95.51381274405867,-1.5440402971970024,0.02185832248691639,27.665512286031795,0.9099284630392369,2.674210839785587,0.4109576837416481,-2.0,0.0,38,HCM
100.0,175.0,32.6530612244898,22.5,1.25,2.2566589486563604,9.528717265628728,1.691753436958436,11.237394691789767,0.6304550015448147,249.904851942814,172.1465941871678,0.9181346466733795,179.85281374238568,140.09589938654463,0.0,0.0,62.85312958347818,73.52590139007624,63.29251328335141,170.21484375,27.95084971874737,12.374368670764582,2.6411687879643586,19.405834249124,1.8333874734041864,18.496226358179356,0.5826978408683625,176.31727983645294,122.49899884666078,0.8777172540750231,102.68529034767603,82.70106030384899,0.0,0.0,18.19190254152537,87.29561959739364,15.428037332645394,202.09218750000002,141.74144640564919,39.16327469050884,0.7236992024306874,89.09308537840843,-1.097956517678098,0.23077444039738976,30.984781394995107,202.41087675094604,191.13293029367924,0.05571808510638298,178.73795572668314,-1.2645549686963766,0.11141723815009388,12.78169509037995,141.06853790581226,36.740804091095924,0.7395535203205496,93.30549258738756,-1.4247256505041548,-0.0906246824313594,36.00856176537554,0.9381443298969072,5.202197802197802,0.204900718208703,1.0,1.0,39,HCM
95.0,172.0,32.11195240670633,19.76423537605237,5.153882032022076,1.737730948479829,12.473425676105775,1.3241713686933685,13.986217867411607,0.5432375716108551,274.47591975467947,179.0307933282687,0.9064017814771775,172.9594154601839,137.15001794687493,0.0,0.0,58.37922402216066,111.63926483232784,66.99676023146202,249.7359375,25.76941016011038,5.0,2.2220887122401005,16.841416116983005,1.494371509872959,19.12530880003143,0.5285387954925641,208.51397897755385,142.29337264488814,0.9874746805188259,136.4429111656884,93.35838738653231,0.0,0.0,25.309887198552317,127.7668921721182,34.77817591872938,285.81328125,125.7911949455738,40.60836789011955,0.6771763881590471,66.10152125358582,-1.3208421217814252,0.5032204802709337,30.257046962074963,289.8551706969738,256.4959363043308,0.11508931965032307,257.35525608062744,-1.3245765054731675,0.30300859302099314,17.20015023010063,143.06572583317757,31.640594840049744,0.7788387494224549,89.72179818153381,-1.5908038623010394,0.052944018264868026,40.53578796083061,0.7791644058600109,8.106545961002785,0.1583197319817885,0.0,1.0,40,HCM
70.0,170.0,24.221453287197235,12.869537676233751,1.7677669529663689,1.5378797292655388,8.011287530903338,1.0945025899737317,7.296690761179012,0.5944347132560067,257.708152801713,181.21744968648864,0.9137939049324535,182.65611460128483,149.75530594414917,476.5625,1.0145023948908993,53.03387273588524,46.932098365041206,56.59180877747598,89.59453125,16.677080080157918,1.25,3.5660436476918176,9.987114123561277,1.457877903284724,6.209110379545913,0.48576188173772245,238.262716319083,146.52053262444474,0.8003967957320657,155.28174593052023,135.6144404567536,98.4375,0.1791605050619952,31.419840985641944,56.187888502222926,39.67872150730548,107.26406250000001,121.74685044586658,61.543064787983894,0.49449973808276587,89.41282573342323,-0.6823213087913533,0.19942015584663417,16.686144568067828,104.17678376287222,103.60280699282885,0.005509641873278237,90.36945368349552,-1.052352308925978,0.6064135882291742,6.4151255328164,118.46242781728506,73.9473405405879,0.37577388963660835,92.5059227719903,-0.9847447067384794,0.29083464632545347,13.257290231324397,1.2015544041450776,1.4010349288486417,0.5940289319790705,2.0,0.0,41,MINF
99.0,168.0,35.0765306122449,12.5,1.25,1.68869764637901,6.690781504294104,1.4703630289695488,5.715326921448908,0.6510495078920197,278.31475451951127,187.0832129789198,0.892840878856387,212.22718241315027,176.60662165877037,139.0625,0.2865052794231264,84.0925105147618,59.06393913662168,97.94073255233279,133.30078125,16.817030058842136,1.25,2.905253243478565,9.028789888880828,1.749868315808277,7.695437125635594,0.6186721888263069,242.70815280171308,157.80911787909596,0.8906059647360378,179.5495128834866,145.71885513296667,0.0,0.0,42.213451638936874,69.55369472728569,65.09754768842427,156.975,185.85777282714844,87.41340637207031,0.5296758104738155,154.1553497314453,-1.1394882977351337,-0.3748290698603279,31.320288687065446,154.95872497558594,154.95872497558594,0.0,136.07940673828125,-0.6704984734790851,0.5673692053275503,7.999642861714541,212.95623779296875,132.03163146972656,0.3800058038305281,188.5150909423828,-1.142901588701611,-0.5062336015873985,26.33065542365622,1.5104277129727819,1.1736484905218816,0.5641076769690927,-2.0,0.0,42,MINF
76.0,165.0,27.915518824609737,11.25,3.5355339059327378,1.1226895304068392,6.847384640311354,0.8320784461546459,7.579086368984249,0.6400503340468828,238.1370849898476,163.56474170031493,0.8930907043338224,196.1916485072175,164.28412463194985,0.0,0.0,55.36318042006421,55.59759279746657,86.76606712135876,108.95390625,15.05199322349037,2.7950849718747373,1.9541211317568425,8.273244873126433,1.060406807781421,8.204992759541225,0.5631038091831239,189.03174593052026,136.19756334700847,0.9164795490885576,168.51397897755388,137.84725596118528,0.0,0.0,29.904321860043755,61.005821218963845,62.21137058846169,119.55234375,104.67292543500662,55.33053953200579,0.47139588100686497,72.24108538031578,-0.8086478518228701,0.46815386998328,14.79831892032193,111.95452024787664,111.95452024787664,0.0,104.24177837371826,-1.131351344717202,0.6048411322770373,3.481466103398438,159.0453603863716,113.12819835916162,0.28870481927710845,138.32634883001447,-1.5586439473912252,-0.17484057942279568,17.044853904591807,2.0445887445887445,0.9896252381960619,0.4942233632862644,0.0,0.0,43,MINF
54.0,180.0,16.666666666666664,11.792476415070754,2.5,1.337853096559937,6.427313909965362,0.9450558698728535,6.594409088339927,0.581767493377818,198.26271631908304,145.63120593563107,0.9069167794026183,158.817279836453,133.70893074646054,128.125,0.22674482911182392,50.56924584743877,51.08273574509987,64.39543679557265,88.134375,17.365554986812256,1.25,2.2717978133122116,8.881310525504404,1.04800013196185,11.025899521030123,0.6120565880092109,156.01397897755385,98.54772721475248,0.9170399100759066,123.63961030678925,105.64024163602468,0.0,0.0,14.282626412721518,62.636258442474464,39.90957593488163,108.06796875,86.41319274902344,23.290252685546875,0.7304780445598097,46.71134948730469,-1.0872502588663735,0.3013411247448067,19.619873340584622,104.8248291015625,104.8248291015625,0.0,97.44148254394531,-0.5064281608080057,-0.4323993281976774,5.00798087229734,106.22673034667969,65.77720642089844,0.38078479676227345,85.55335998535156,-1.2499331094833241,0.13667323149395302,13.1337542347167,2.8242375601926164,1.593634555271384,0.22218259629101283,-1.0,1.0,44,MINF
68.0,174.0,22.460034350640772,14.142135623730951,2.7950849718747373,1.9165485170669383,6.7023151441123705,1.6335813590992316,8.470790643481866,0.5560712379572759,294.77922061357856,211.56045939678174,0.9027970493378169,229.17261889578032,192.8234689468888,690.625,0.7110224567273663,94.3317653045828,65.20053033615065,121.51517213607245,124.11328125,17.41048534648015,2.5,2.494223019511228,8.817366297174495,2.1013882633056227,9.646029284475285,0.5289282755010187,244.42388155425118,143.27158857876938,0.9080682148113634,197.22718241315027,159.75477983645294,139.0625,0.2970230943799226,45.058608406793866,76.06010313503364,85.41140193407178,144.78515625,171.6552734375,83.2763671875,0.5148627506755796,131.982421875,-0.7294490164364129,-0.406499943435681,23.58525976819298,140.5029296875,140.5029296875,0.0,128.1982421875,-0.388370598621417,0.4688975565080431,5.225952418183603,221.826171875,157.080078125,0.29187761391151223,186.9873046875,-0.7820904966523812,0.2474954679974081,18.365656995015055,1.8862503664614483,0.8944668946223189,0.5927019982623806,0.0,0.0,45,MINF
74.0,186.0,21.389756041160826,18.027756377319946,4.5069390943299865,1.507799817862773,8.94778830436883,1.3169415708993766,9.86837825232115,0.4962886638814001,280.56349186104046,211.8547245552872,0.8998604924749033,195.4594154601839,170.51764659855286,0.0,0.0,80.56485643497263,84.64823687915741,98.59246168366319,173.79140625,20.348525745124633,3.75,2.2144671968360377,12.836541916671145,1.3373884618479226,13.517347405617818,0.682327137031275,234.47591975467944,138.64922171199683,0.902805322386149,140.22970773009195,127.34519292437335,0.0,0.0,38.452498429387845,93.67003046327605,47.95374959990783,192.3140625,166.552734375,75.6103515625,0.5460275579009088,118.85986328125,-1.0115397252431464,0.16970187819583643,27.347952674145937,189.9169921875,185.5712890625,0.022882118524231908,175.03662109375,-0.42263840864439306,0.5513457693544201,6.2600988814128105,195.751953125,94.8974609375,0.5152157645298079,164.44091796875,-1.2391891948216247,-0.4049530830444966,33.474511393193396,1.2550855666774299,1.9554926678672497,0.4074463886330746,-1.0,-1.0,46,MINF
82.0,180.0,25.30864197530864,15.811388300841898,1.25,1.8874879913273908,8.436852149271882,1.2046988164751036,9.982402706879263,5.198769839382274,251.06601717798213,157.68831159513792,0.8931992034902803,209.512716319083,188.2922189468888,3026.5625,1.3878937261758046,60.73765355647594,73.06112360217435,99.98447174834949,155.334375,18.58258593414813,1.25,2.1570219497383456,9.675766445068843,1.5295675615072546,11.484699875596567,0.6408689266703724,239.72718241315027,139.34120534038473,0.8734653743269615,235.20815280171306,175.40849330271448,2251.5625,2.0655352330714982,40.00304866430839,78.13095442247732,87.73045143991551,166.11328125,126.820063656196,80.69085251539946,0.36373748609566187,95.95440188981593,-1.273415115288128,0.39492744175203287,15.224769086935167,160.9867148436606,160.76100616529584,0.0014020329477742728,152.57906657457352,-1.3483411583907725,-0.21294897780095723,6.4834605591914185,204.63313052244484,177.0120310075581,0.1349786295326072,194.47623999603093,-1.6248024224245898,-0.20013024226673568,10.164684485850918,2.1937062937062937,0.9081925406439273,0.5019305019305019,0.0,0.0,47,MINF
73.0,167.0,26.175194521137367,15.206906325745548,1.25,2.3210729185899277,8.804868259294105,1.7950025360334279,9.195423377263875,7.64520284485278,231.79825022501575,140.5161499445306,0.8803109809993148,180.4594154601839,154.83980419227862,6.25,0.014407145944388416,40.424978001173905,73.31856438566197,76.97812446096253,141.66796875,18.58258593414813,2.5,3.4245686259098416,10.762651890572178,2.565638743957493,12.090546060445417,0.6120607622203764,177.26397897755388,100.55140687119284,0.902222030873114,157.3528137423857,143.1388887876631,171.875,171.875,16.990208145420915,78.26024411611424,56.69346316190678,151.21640625,79.345703125,39.9658203125,0.4963076923076923,66.19873046875,-1.0089702546531953,-0.47980480865661074,11.274472554755128,143.75,142.919921875,0.00577445652173913,138.97705078125,0.6165455849272088,-0.8452075895079053,3.118388324509912,143.4326171875,105.7373046875,0.26280851063829785,119.10400390625,-0.10423969500994001,0.900264368865292,10.7260651705553,2.645693341478314,1.3516508889401986,0.27963785445848993,-1.0,-27.0,48,MINF
72.0,171.0,24.622960911049557,12.374368670764582,2.5,1.2172128901648673,7.199740983130254,0.9543121978215435,7.945627212081564,0.43495911724778313,258.4035892843431,170.71677477306463,0.8515222662833549,211.49494936611663,150.22354917912656,0.0,0.0,29.360387418197906,46.20775792521564,68.06540461611579,89.72578125,15.461646096066225,2.7950849718747373,1.9323293785926172,8.761250723425514,0.9701049108947629,9.764068974035325,0.41267995640504423,105.96194077712556,81.20347818679934,0.9207037911063077,180.28174593052023,144.65420565784945,0.0,0.0,4.0048413341657,52.443143799929324,52.07138637650466,101.83359375,62.33787536621094,9.271240234375,0.8512743628185907,27.869796752929688,-0.8532366465607346,0.47823488853830903,15.168992636633858,98.86207580566406,97.06764221191406,0.018150879183210438,88.6749267578125,-1.0150807951973488,0.4536488060565035,4.480962054586613,126.43280029296875,96.37603759765625,0.23772915434654052,113.68484497070312,-1.204133006926897,-0.24021547575405325,9.640974368371923,10.39516129032258,1.0071761055081458,0.09551319083381475,0.0,-1.0,49,MINF
57.0,162.0,21.719250114311837,12.311072252245129,1.25,1.5658513300373107,6.479912438727979,1.1647506874927696,7.179344714503386,0.8136702983580193,245.5114536606122,142.68130917328557,0.8824226968770139,229.47591975467944,199.35493312889952,0.0,0.0,47.365876200303376,81.85369749135846,161.94154048379727,137.6484375,13.975424859373685,1.25,1.7034938800664339,6.860722426271958,1.5611540494709415,8.809190629426556,0.49685063884944897,189.4682989366671,123.25940648674646,0.8054739116024472,207.404851942814,172.86245930067014,0.0,0.0,19.09269201318099,89.17077414434044,126.91713357152351,149.953125,86.33842468261719,36.56158447265625,0.5765317168218229,53.06663513183594,-1.2100681577276116,0.4870494793915638,16.384162349635595,153.85398864746094,145.1995849609375,0.05625075932450492,142.14344024658203,0.16783406419531977,-0.5929826086479273,7.7477407690558575,256.005859375,195.7427978515625,0.23539719626168223,218.65921020507812,-0.7318288221261491,0.46833607809739386,16.709306117089714,5.3537832310838445,0.7417876241405653,0.2518022657054583,1.0,-27.0,50,MINF
91.0,170.0,31.487889273356405,15.258194519667128,2.5,1.7299090336426743,7.4205134714916055,1.5516085200110146,8.710978515356471,4908738521234.559,271.97591975467947,178.170071145245,0.9058164257528996,199.42388155425118,165.72476541518077,0.0,0.0,72.16382467350076,70.46035440232767,103.32376317363153,153.365625,21.830311495716224,1.7677669529663689,2.3122695647937648,9.983533168770112,2.4078433474099463,13.641098063940532,0.5995067215366404,217.53048327204937,175.10128957878322,0.9113889030133748,166.317279836453,132.7667948557529,0.0,0.0,38.67480513888995,76.56571245387724,57.624027535921584,166.6546875,157.35292360186577,74.61209446191788,0.5258296270954499,102.51088086515665,-1.3683039480846737,0.401896508900449,28.71472267743439,172.23765961825848,162.87077330052853,0.0543834974214721,157.6086288318038,-0.8880339978285186,0.12909999566357422,7.302639988807756,215.6267996877432,119.32013519108295,0.4466358756709524,172.3184086382389,-1.4321619835879396,-0.014562357722927258,31.95501844419206,1.5992063492063493,1.3649898488608165,0.45810609816559245,-1.0,-26.0,51,MINF
85.0,161.0,32.79194475521777,17.67766952966369,1.25,2.570493513521194,6.618458669927472,2.0641375958753225,10.670433195964213,0.6464778416922282,301.7614536606121,215.17959342882816,0.8780438488791417,197.53048327204937,161.35519244381535,0.0,0.0,79.29043154717905,51.20139146502193,79.66708914599828,104.81953125000001,20.804146221366548,1.25,3.1788389970078113,8.024126135135806,2.4025758376072917,14.06525466376454,0.633822810010393,260.3337841309485,162.4673407260171,0.9071033613745614,170.58504678941932,132.5255568200844,0.0,0.0,32.74516912287989,57.179829097344104,54.55123989707376,117.05859375,163.20465597510338,65.04389691352844,0.6014580801944107,127.63102062046528,-1.4617367563355756,-0.24416812218076084,35.01772902742,118.98273825645447,107.52514123916626,0.0962962962962963,103.7683714479208,-0.5525062485118735,-0.08149230196224672,7.997878817816464,157.2334852218628,101.15736135840416,0.35664237668161436,120.97680081427097,-1.2286695189727614,0.4061198275540913,18.098509170965425,1.5552168021680217,1.062949248529732,0.6049180327868853,0.0,1.0,52,MINF
77.0,176.0,24.857954545454547,15.0,4.5069390943299865,1.4912306074547306,8.732660304600158,0.9936720339922177,8.245762720302265,0.4631851117981438,281.2436867076458,187.05694691211917,0.9015243404300822,197.1015510839149,170.46992876429923,60.9375,0.06834431515491378,51.69362114161,63.523801770528074,77.65720340684612,129.4125,17.5,5.0,2.4734918260229484,10.207936899500535,0.993088483208094,7.836480197356971,0.40983871483347273,230.6370849898476,150.94943688581506,0.9001432113633251,159.42388155425118,146.69237002634372,254.6875,0.25765048052604955,29.724436147948673,68.53290480060775,56.09067942846451,139.6171875,102.75039410032332,58.188462221994996,0.43369110423867563,75.71229239646345,-1.557644746203807,0.12111627886941187,16.35461896546073,139.3681896328926,133.9848690032959,0.03862660944206009,129.0595044689253,-0.9857352244545603,0.1724914161793901,4.648368532437551,153.27510125935078,109.96553911082447,0.28256097560975607,131.62032018508762,-1.4280269346790098,-0.013654307538657534,14.57185141746745,1.8898168968840348,1.2184259731429543,0.43429129464285715,-3.0,28.0,53,MINF
94.0,176.0,30.34607438016529,18.027756377319946,2.5,1.9029564927464004,8.461099585639118,1.4400700791922976,8.170023450156197,0.43647509750567554,263.7436867076458,165.73714816832276,0.899016065407743,221.49494936611663,195.51325745842766,114.0625,0.06019923472753661,41.26142005343117,62.19461178518428,90.2634562695092,139.99453125,21.360009363293827,1.25,2.9278003748844514,10.421031334632184,1.586551494432035,9.381521136032736,3272492347489.721,181.2360658896335,109.82171409683001,0.8614172782801541,196.62058069535206,149.38485290392998,0.0,0.0,12.390816832862214,73.68162786082596,65.84625839298661,165.85078125,104.28616669774055,32.676185339689255,0.6866680752165646,45.20242361724377,-1.1501159867487012,0.5775534716721374,23.981792199728712,161.83855786919594,157.4538236260414,0.027093260721579304,151.33943291008472,-1.4531948788310896,-0.3385426037869103,9.864063737140437,196.299484282732,134.538629591465,0.3146256594455045,163.55719742178917,-1.3463481624360933,0.15689427029832076,20.342775221798313,4.1173297370195545,1.1703242712086472,0.20752868737755387,-1.0,-27.0,54,MINF
82.0,180.0,25.30864197530864,15.90990257669732,1.25,1.6723419114133402,8.461245701797186,1.1541389633631782,9.297058068562269,0.5600008138296599,257.10155108391484,203.88676371683147,0.894823224165942,172.4784450716211,160.16150333337953,706.25,0.6280918236896226,77.0737750885633,65.1207036416085,72.93765740259315,138.45234375,19.03943276465977,1.25,2.15569891818542,9.967899166192918,1.4483218617335474,10.425067340913873,0.5323208975730755,216.79825022501575,155.80368084725677,0.9095725969166993,146.7462120245875,126.58419504661937,0.0,0.0,37.873256721532705,74.14145284850983,52.473134822009456,157.63125,157.8724665939808,78.17606580257416,0.5048150732728541,129.14033868908882,-1.4889811289599804,-0.24347351764331376,26.39361020863911,153.15722474455833,138.74709311127663,0.09408718170047475,139.56234520673752,-0.6327161469042961,0.6277994050424186,5.810149500344054,148.1335091292858,104.28616669774055,0.295998810055035,118.14545232057571,-0.8242276343922605,0.6140487350001667,13.317515627191785,1.333990980834273,1.3304458060426791,0.5634429093218993,4.0,0.0,55,MINF
62.0,170.0,21.453287197231838,17.89727632909544,2.7950849718747373,1.793638261665389,7.462678308901715,1.250016260212067,7.850295912345657,0.6398385802782415,284.35028842544403,178.10630287837574,4.9898777350338515,196.79825022501575,153.61916777100953,0.0,0.0,83.36316176928135,70.25006062997934,102.44838557230446,126.21328125000001,21.830311495716224,4.5069390943299865,2.8264235523801613,10.217456036173129,1.6348821894384553,10.192782793483678,0.6661255283133054,246.06601717798213,135.70226813909812,0.9055962530539652,164.85281374238568,135.7957024744804,21.875,0.0655307994757536,52.58024816163019,82.91570915380377,65.59290075460049,148.96875,152.4900336675346,90.2266968023032,0.40831086050502574,138.48966161347926,-1.055678221257211,-0.6984278612305533,21.48493599405963,146.6581029854715,141.8542370069772,0.03275554422635738,126.87253046315163,-1.1068076992099014,0.5918070808270961,8.94232794391914,186.60308974049985,113.74134038574994,0.39046378844034857,158.4995391620323,-1.3869179415173962,-0.23066616030903198,23.70414679335406,1.260617360679511,1.247165160230074,0.6360521807879826,-1.0,4.0,56,MINF
80.0,175.0,26.122448979591837,16.770509831248425,1.25,1.6010804729675803,9.450174809179792,1.43230362143612,10.21318121737663,0.5875069777877402,265.6370849898476,198.6778691382398,0.9223893668585879,189.85281374238568,134.31822683030606,0.0,0.0,70.46209488094404,67.60177595009722,59.77353466567433,139.978125,20.348525745124633,5.153882032022076,3.0295728785616753,13.051232741841673,1.8483317869907803,11.381132219058518,0.6920257385580272,247.404851942814,151.22209973127596,0.9307120676771262,165.58504678941932,123.02249528487576,0.0,0.0,42.26299495051788,83.07602213276715,42.99194049522123,172.01953125,142.560791015625,83.2247314453125,0.41621584130947425,100.90887451171875,-0.7867854685954101,0.7114709781635282,19.33368927497586,163.8193359375,163.8193359375,0.0,146.1796875,-1.4947584370648728,0.08798623323319234,10.493419964069446,119.0379638671875,85.40496826171875,0.2825400780795747,94.9713134765625,-1.0846445986029785,0.6813898221830266,11.31860829349673,1.0261969822977308,1.9181476121562953,0.5080275229357798,-5.0,0.0,57,MINF
68.0,168.0,24.092970521541954,12.869537676233751,1.25,1.4032952747655045,6.984234628313836,0.8203320270659226,8.41864670392462,0.5446460124214194,240.72591975467944,171.95343087940188,0.913503648008768,184.42388155425118,152.17274922067995,0.0,0.0,56.583423602737355,65.2318898362359,91.21237359244547,122.01328125,15.90990257669732,1.25,1.6946670701743303,8.798911180866325,1.2460537081212537,8.92976128101587,0.594190395138238,194.5495128834866,107.90229671441409,0.9096208539532458,157.17514421272202,131.18726943880424,0.0,0.0,19.84059900626134,76.3977088172132,65.74939440801724,142.8984375,96.1875,37.751220703125,0.6075246710526315,55.153564453125,0.20441863488257983,0.8973261069936106,15.504243683548959,137.12255859375,135.38232421875,0.012691087395442746,127.412841796875,-0.7715357841223875,-0.2789409700073238,5.880186123401966,163.562255859375,116.061767578125,0.2904122838834482,136.1832275390625,-1.413189078261973,0.16715229513672905,16.088153213797675,3.0743844944997383,1.1664678820923495,0.2788489628980427,1.0,-1.0,58,MINF
68.0,173.0,22.720438370810918,16.25,1.25,1.7900924547801702,7.535817080656811,1.3542897104810772,7.668558809876405,0.581209275450046,258.8693180368812,180.74129678941932,0.9155116281267873,170.58504678941932,143.42683772783587,0.0,0.0,75.84743415660559,68.82884537766954,79.65925392447602,130.64296875,20.155644370746373,2.5,3.0652820550102007,11.126232650232664,1.804362751215996,11.746456557050928,0.6130418061019877,216.79825022501575,120.8141007566822,0.9254603359641889,133.51397897755388,115.67545987733972,0.0,0.0,25.922103137966968,81.52626768833092,44.134130917792376,154.74375,139.57380257360637,48.281656896695495,0.6540779429489755,109.51692905835807,-1.2397509171096905,-0.39941624424294453,28.169884079821763,147.8543964587152,147.8543964587152,0.0,133.255877668038,-0.4871760962292049,0.6550477541375681,5.958122124208418,144.3402843810618,80.00212602317333,0.44573944573944574,117.04049347992986,-1.0732698107305205,-0.186851013223674,19.77298606610379,1.656987998451413,1.8481308411214954,0.32654867256637166,0.0,-28.0,59,MINF
51.0,172.0,17.239048134126556,10.307764064044152,1.25,1.109916337377187,5.679956469503932,0.8312472980693342,6.164917441311767,0.5902608956839194,254.04698756654489,150.98161854299343,0.9168513362016528,195.0304832720494,175.4001922836293,0.0,0.0,63.89204800986521,65.47358389981645,131.58778993227136,107.31328125,12.5,1.25,1.716270333780566,7.185723528073185,1.1920212912948924,8.891128245643525,0.5276942287076256,205.88834764831844,148.66778489984128,0.9151792382941921,165.88834764831844,146.67881183372103,0.0,0.0,32.10117467768099,71.04899839793566,91.43879971331955,116.45156250000001,109.27734375,50.68359375,0.5361930294906166,74.6826171875,-1.3818985520434632,0.09341523598507898,19.759767172781736,115.1123046875,112.451171875,0.023117709437963947,106.09130859375,-1.1493703368155959,0.42186295741373286,4.010597076321449,210.2294921875,141.748046875,0.3257461386598537,178.99169921875,-1.497802740205429,-0.10345251384853144,24.452804831459368,2.796724470134875,0.7933172580089562,0.45071645679548417,1.0,28.0,60,MINF
95.0,187.0,27.166919271354622,12.311072252245129,2.5,0.9733774125335983,7.15626359925479,0.9737530869765134,7.374889699183195,0.7438308741451304,264.47591975467947,183.9264180879897,0.9275829928756223,173.08504678941932,150.5720372393123,23.4375,0.03791325447376403,75.12075137270585,46.61988203167551,62.30520745874799,108.74062500000001,16.770509831248425,6.25,1.3622733990810534,11.78438802134851,0.9308179595726438,12.192392772986658,0.7618949505460587,205.1561146012848,126.57594539199313,0.9446941097703625,119.0685424949238,94.86513084431647,0.0,0.0,26.62988433493112,51.71233746181025,22.494022742501247,120.61875,169.573974609375,73.74000549316406,0.5651455026455027,114.1988754272461,0.03999807403459599,0.655861279895531,26.217795933588324,116.00265502929688,116.00265502929688,0.0,107.48844146728516,0.3386620328743102,0.4644353064720219,3.4374839883874917,138.35830688476562,50.131988525390625,0.6376654958119428,115.52600860595703,-1.2869283588361562,-0.4899614189246931,29.5503566765147,0.6798479087452471,2.313944817300522,0.6356751530776668,-3.0,0.0,61,NOR
74.0,172.0,25.013520822065985,12.311072252245129,2.5,1.0120888856788377,7.939078401493031,0.8075387039694866,8.02324558710948,0.6458691312181778,267.76019100214137,184.62777564196443,0.9201275710421191,186.19164850721756,153.33730148607577,182.8125,0.33462990504518936,92.51313584603179,70.50044413165666,86.1145806855679,139.190625,16.677080080157918,5.153882032022076,1.5320410608004438,11.458714144211042,1.037512427767094,11.260052182094208,0.6908083447559172,236.54698756654489,137.6312929970917,0.9333345432321087,134.67514421272202,101.59067854581741,21.875,0.149508756941478,54.97771550860921,80.08165724855908,39.654422371082696,158.10703125,181.10694885253906,97.89009094238281,0.45949014346165756,161.57379150390625,-0.5465878580191648,-0.8637607062270165,23.802063766312724,151.76048278808594,151.46141052246094,0.0019706860450794434,133.20865631103516,-0.6921354185484052,0.6387635646427836,8.149957791413568,163.31214904785156,72.9736328125,0.5531647018427378,149.1342544555664,-0.9231718664380741,-0.8315078238265603,31.31670574382238,0.7454649608554516,2.075563524590164,0.64630383808466,0.0,0.0,62,NOR
49.0,165.0,17.99816345270891,11.792476415070754,3.5355339059327378,0.9828378493645441,6.239213705975854,0.7843723051834495,7.153398638289755,0.5996840097465729,254.350288425444,185.40886531703404,0.9238029374422173,157.4784450716211,133.75164905642666,0.0,0.0,72.66105993564715,46.417999545630806,62.954151225633154,73.040625,15.811388300841898,1.25,1.3351384463137541,10.81726523340872,0.8434105738298852,12.019111529545121,0.5874705134576977,221.24368670764582,146.52133829043458,0.9558664400993345,98.97970773009195,74.40120588959387,0.0,0.0,34.657104782047796,59.148542547700714,20.873502940330834,93.07265625000001,110.03990173339844,52.20680236816406,0.525564803804994,75.70266723632812,-1.416977760063733,0.24527830057604783,19.693678302040034,89.14222717285156,79.92706298828125,0.10337596980499056,75.59051513671875,-1.029586396819388,0.4463021467086724,6.153163232797779,96.28257751464844,26.860427856445312,0.7210250436808386,70.48759460449219,-1.4116850140192712,-0.21210387924540602,23.91710513877256,0.514500537056928,2.975643702157272,0.6531805425631432,2.0,33.0,63,NOR
97.0,175.0,31.6734693877551,13.050383136138189,3.9528470752104745,1.1037192908553712,8.536880314386508,0.7625901815902578,8.311711540838683,0.6282537123970003,277.10155108391484,185.606336082756,0.9134632407950102,170.58504678941932,139.3776253760927,140.625,0.29836891658931175,78.9356178214978,61.85328813068324,60.817123229471235,141.02812500000002,18.75,1.25,1.8663934760593084,12.681704834711676,0.8482593232455259,13.025069662074799,0.6036747424479897,225.0304832720494,156.3984937832725,0.9594308194386275,131.13961030678928,88.40271760057102,0.0,0.0,41.84954906561816,72.33726216586302,26.817962408452352,164.93203125,172.67080688476562,89.48968505859375,0.48173239777401405,137.28436279296875,-1.5824721036299796,-0.1404419060322448,28.883421779971638,158.63320922851562,145.86985778808594,0.08045825651830392,135.88478088378906,-0.207673796499102,1.0781020615176393,8.566064739810386,133.56607055664062,52.515655517578125,0.6068188927119175,114.22259521484375,-1.4278379094402487,-0.45950554546011974,28.098056013577793,0.5868347338935574,2.777645186953063,0.6134899040526994,-3.0,34.0,64,NOR
92.0,180.0,28.39506172839506,10.0,1.25,1.093048315685696,5.774900316109113,0.7134537234192886,6.06950220362214,0.5801200520770119,295.992424049175,218.28809768046355,0.9231771242407065,179.42388155425118,154.50509550107068,0.0,0.0,82.67966459936969,38.640667991458,67.9125767376266,87.01875,16.770509831248425,1.7677669529663689,1.7801873003813178,10.151891989983152,0.9187081254145193,10.465216798004665,0.5564935484270751,230.0304832720494,166.99773618818998,0.9857428445488877,121.8718433538229,86.31164960563584,0.0,0.0,32.80522774614166,41.78058652545468,20.500535393658147,94.08984375,182.390625,69.50390625,0.6189282960678488,128.63671875,-1.4007736060382627,0.14016061169409275,40.72081359927338,92.84765625,90.5625,0.024611889435819764,86.37890625,-0.976349978675775,-0.23277502701459424,4.056474723527461,152.82421875,46.23046875,0.6974925235794801,111.05859375,-1.5827272669863919,-0.12455016970134804,38.38952994660764,0.6651492159838138,1.95893536121673,0.7674689440993789,-1.0,1.0,65,NOR
80.0,175.0,26.122448979591837,12.311072252245129,1.25,1.224260507857486,7.0670791666259625,0.8260455004493639,7.569172249405204,0.6605335361131428,269.904851942814,190.84297766365097,0.9141933532359047,190.28174593052023,148.555856087299,326.5625,2.162665562913907,83.13148538073371,56.96075566165599,79.11436156372723,117.94453125000001,17.67766952966369,1.25,1.567500758952926,11.609338245413207,0.9926595374466739,12.008213095327974,2804993440705.69,218.38834764831844,142.148674163054,0.942057340310002,118.33630944789019,98.73986027464419,1.5625,1.5625,44.05366552772393,60.99372612093863,27.081911649956904,126.29531250000001,170.2281951904297,88.02070617675781,0.4829252223564291,120.7784652709961,-1.6044435909790271,0.06645135358939357,28.78616928247266,121.75979614257812,117.31109619140625,0.03653669020571078,113.6941909790039,0.09443297564362219,-0.4710174178868874,4.720067140692914,157.29331970214844,49.47776794433594,0.6854426619132501,120.89996337890625,-1.4651115234538927,-0.24803710253097674,37.088776692934594,0.5621150987470801,2.370986021911598,0.7503186743148502,0.0,-28.0,66,NOR
60.0,178.0,18.93700290367378,11.319231422671772,1.25,1.074196835211871,6.484758078420326,0.7189874046857914,6.568325946323764,0.578887765180928,276.4213562373095,202.97676152699333,0.8987262959634116,172.35281374238568,135.58415395505227,0.0,0.0,105.16748444191073,63.320024273659705,82.36138973933474,114.515625,17.001838135919304,5.0,1.3959474613531029,10.814602780801586,0.6686316913739271,10.005168340081633,0.8461777792645078,224.17261889578037,145.3901764735749,0.9393000668396313,123.63961030678928,87.08122890254862,4.6875,0.06874427131072411,57.74096769367393,73.18996502004104,32.70325035910361,132.365625,184.35935974121094,105.98373413085938,0.4251242015613911,162.91027069091797,-0.8289279031599355,-0.7021781728165551,23.659160002754103,128.6571502685547,127.21786499023438,0.011186982420456196,112.88108825683594,-0.5254491520638656,0.4922884187467059,7.5605783415133185,142.69485473632812,56.46858215332031,0.6042703694000524,119.21768188476562,-1.19764633213774,-0.5372604085660386,28.63404300896587,0.5328042328042328,2.2528963919232043,0.8330884513664414,-1.0,0.0,67,NOR
64.0,154.0,26.986001011975038,8.385254915624213,1.7677669529663689,0.815158774592953,5.007753659738833,0.5948184678246545,5.349012108169418,0.4875749883194743,293.92135623730945,200.5819675139366,0.9299053163968356,178.38834764831844,148.69037302955033,264.0625,0.506533988730368,74.22384957702526,36.80029793914344,72.57128295158259,63.935156250000006,12.562344526401112,1.25,1.1465427826395214,7.85821595379332,0.6214628192099036,8.171328091361854,0.4732691136667665,219.60155108391487,163.78174593052023,0.9779017612221061,111.99747468305833,87.86277308795998,0.0,0.0,34.987196270086336,42.57011627140329,27.583697788103155,73.95937500000001,130.712890625,58.984375,0.5487485991781845,112.890625,-1.0645418091516585,-0.6810357549225019,24.401440202952724,72.9248046875,71.1669921875,0.024104452628054905,64.92919921875,-1.198181257122348,0.24968214824455293,3.9275723083239473,122.9248046875,44.2626953125,0.6399205561072493,98.10791015625,-1.4620350454548368,-0.3690778021760156,27.96633142911746,0.7504139072847682,1.6078323221180364,0.8288164665523156,-1.0,2.0,68,NOR
53.0,160.0,20.703124999999996,11.319231422671772,1.7677669529663689,1.033695436449615,6.123921072365663,0.8248654090245656,6.395599613708474,0.639322874239751,202.65611460128483,143.09863936901732,0.9383963896683701,140.71067811865476,113.92060907979054,204.6875,0.6661920260374288,50.241258235212825,39.69415721562205,46.02649006715242,63.967968750000004,14.577379737113251,2.5,1.4156081661304274,9.638190383123701,0.6342165692536477,9.892588887095414,0.5813860342735975,161.7462120245875,104.65128060534578,1.0684478482408744,111.69417382415922,69.82488142567074,0.0,0.0,17.866952016777812,47.76737257135128,20.32047648175984,76.978125,79.4189453125,28.076171875,0.6464801721487857,59.0576171875,-1.5892720531100322,-0.1473106234949569,18.53169398055597,74.4140625,74.4140625,0.0,65.6005859375,-1.2913383933886804,0.22000368038170134,4.525851545302488,72.7294921875,31.8359375,0.5622692178583417,54.74853515625,-1.3641398097911002,-0.05507987025142137,13.457893278763667,1.133913043478261,2.3374233128834354,0.37729658792650916,0.0,0.0,69,NOR
79.0,158.0,31.64556962025316,11.524430571616108,3.5355339059327378,1.204062501625756,6.742921472654012,1.123669233229356,7.889465877419902,0.7010725959601755,226.79825022501575,153.08504678941932,0.9206189694040646,156.7462120245875,135.35682711660579,39.0625,0.08783024170882518,48.65275060110288,35.327368063236136,44.94379651940445,69.0703125,16.770509831248425,6.73145600891813,1.699739824574804,11.956700189140973,1.0117570638838298,12.701207881087026,0.6651815960689876,174.5495128834866,136.21543552151405,0.9977006289119162,105.22970773009195,79.10533905932738,0.0,0.0,22.513854753839087,47.55349045471715,17.411945066796907,92.97421875,92.919921875,43.2861328125,0.5341565948502365,81.6650390625,-0.5272036330883783,-0.9142697481106289,15.857341098459088,89.501953125,89.501953125,0.0,71.533203125,-0.6038876138986966,0.8712580120596923,7.238998433097795,87.255859375,33.59375,0.6149972020145495,75.7080078125,-0.9692480561390533,-0.7308274761677817,17.536240131232876,0.7760857304004513,2.6642441860465116,0.483633387888707,0.0,0.0,70,NOR
61.0,169.0,21.35779559539232,11.524430571616108,2.5,1.2409920979357905,7.334350753539926,0.8913173582943945,6.598383460778278,0.564228839290786,273.5736379959945,205.20462049085666,0.9239590812225147,186.31727983645294,152.79809995914403,406.25,0.8185367082231457,107.64331343204576,71.82684295658638,95.16895106742972,127.62421875000001,17.67766952966369,1.25,1.7100294697324214,10.474483644986833,0.6775537395931757,11.299253495750934,0.5171204281067652,237.10155108391487,165.7193511520595,0.9424991541909271,153.08504678941932,104.96162511250787,0.0,0.0,44.12655643264254,71.36517151452064,43.120112688939244,126.80390625000001,184.765625,70.556640625,0.6181289640591966,140.02685546875,-0.9409343316259968,-0.27979751329772845,35.252885601172146,128.5888671875,124.6337890625,0.030757546990696792,122.93701171875,0.35303719617790774,-0.7453030219995818,3.6191572003786443,162.98828125,72.8515625,0.5530257639304973,142.9443359375,-0.9612299609960209,-0.7389338296630817,30.82692479214456,1.0325259515570935,1.7107908847184987,0.5661116552399609,-1.0,0.0,71,NOR
78.0,160.0,30.468749999999993,10.752906583803284,2.7950849718747373,1.0710586309764047,7.281132162038952,0.8092719859352451,7.484806736677199,0.9620182053427114,272.27922061357856,177.70669053466614,0.9123467884436028,184.42388155425118,150.52685003802566,6.25,0.011640088464672332,73.03532518084201,48.92519198027219,64.60139414479166,95.6484375,16.25,5.153882032022076,1.7686216138057085,11.959376769256503,0.8395473309073171,12.478113872863478,0.5586965937829902,236.06601717798213,164.5124548139514,1.0049321725582434,124.49747468305833,89.92640687119285,0.0,0.0,37.73030242595262,61.27817355745241,26.124206283805716,119.7984375,139.2333984375,71.2646484375,0.48816412414518673,129.7119140625,-1.1102064030569156,-0.824124435220625,24.945362852307046,114.7705078125,114.7705078125,0.0,96.00830078125,-0.6342923281620432,0.9924113705856799,7.353835338877129,122.8515625,49.609375,0.5961844197138315,108.67919921875,-1.0400532103099354,-0.7122037114648347,24.49969045449978,0.6961288112367249,2.313484251968504,0.6209317166560306,-1.0,0.0,72,NOR
96.0,185.0,28.04967129291453,11.319231422671772,4.5069390943299865,1.1565078289461006,8.303130951488724,0.7025105329952251,8.448881133058071,0.5883154096393065,300.38582233137674,200.2850119953827,0.9213391931164422,179.12058069535206,147.6622731522502,126.5625,0.27032438926712055,64.92387630769868,46.76010465026255,52.788901052440224,109.05234375,18.45602882529175,2.5,1.7577381198621644,13.779164490071915,0.695208574994295,13.549777585390581,0.5655984125112523,229.77922061357856,169.19693201777304,0.8877623449519698,124.80077554195744,85.33739172657945,0.0,0.0,37.96664432036513,59.5633828905932,18.248188876603137,138.91171875,152.993408203125,77.7886962890625,0.4915552427867699,137.8663330078125,-0.7613962031622981,-0.8402800180448236,24.20397794379887,132.8060302734375,132.1600341796875,0.004864207539521687,104.19378662109375,-1.1039544672904218,0.7357625344103409,11.241463439825624,121.66259765625,41.74749755859375,0.656858407079646,101.60980224609375,-1.1090056365625565,-0.6273183880683395,26.55950884211352,0.5366782006920415,3.165699548678272,0.5885947046843177,3.0,3.0,73,NOR
87.0,175.0,28.408163265306122,14.630874888399532,2.7950849718747373,1.4774384114675763,7.018833564671608,1.1400099278132014,8.362684115923653,0.7021628372222146,271.2436867076458,207.13834764831844,0.9127326764809164,191.92388155425118,156.38009550107068,706.25,3.082378614293508,98.22543689494067,51.59722632685195,73.70706708832142,111.41484375,20.0,1.25,2.0471000485796873,11.410232261414981,1.4149307779614972,13.511747173091086,0.6506942094069834,228.56601717798213,157.9355518528077,0.8944622164145782,135.22970773009195,110.78554672512912,0.0,0.0,34.72232724395721,58.35174469006376,30.497904060666137,126.0,204.7607421875,71.630859375,0.6501728866102301,139.95361328125,-1.0810517923452003,0.037494860141070695,41.471846988290906,130.078125,127.0263671875,0.02346096096096096,114.97802734375,-0.5283064395239125,0.5043422431561438,6.376956500262979,152.685546875,63.720703125,0.5826670930604413,106.33544921875,-1.2500619643248232,0.2036372739689343,28.75711942601734,0.8895705521472392,1.993486590038314,0.5639054391697098,-1.0,0.0,74,NOR
93.0,179.0,29.025311319871417,11.25,3.5355339059327378,0.9031621805126006,7.209010194698851,0.7565447660461023,7.447578814952797,0.5708154178949602,265.6370849898476,182.91064332461806,0.9162929127276012,172.78174593052023,141.13961030678928,521.875,1.1335867499321206,53.91469986642595,40.036387636658624,49.91832723481755,90.3984375,15.0,6.25,1.045219599692132,11.112026194517744,0.8576623780364393,10.898497271105034,0.5742434563921136,221.49494936611666,148.52866024543934,0.9465216280352345,123.33630944789016,94.77847345605959,254.6875,2.099433281813498,37.79841896295792,49.8601981783578,23.702122771466502,112.5796875,118.97262939065695,84.15137200802565,0.2926829268292683,103.49917229823768,-1.366497639828773,-0.06735322150184012,12.0255606820509,108.33811534568667,108.33811534568667,0.0,95.20042483136058,-1.391286994834468,0.23498947351747826,7.6603430121199585,108.78454172238708,51.02015733718872,0.5309980946797597,77.54266725294292,-1.5167568289419946,0.055387552261133094,20.32311837148405,0.6062902614626753,2.1234375,0.776747608535688,1.0,0.0,75,NOR
87.0,175.0,28.408163265306122,14.577379737113251,3.5355339059327378,1.4827537024362147,7.058184158836132,1.2063302232879933,8.457753939061282,0.6995347136898418,272.1903858487467,206.09821417183525,0.9114131857590393,191.49494936611666,156.25065376282907,637.5,2.942873629544143,96.97938401353827,51.346496173886834,73.59309883697364,110.87343750000001,19.40521837032503,1.25,1.875058738331162,10.159995698109691,1.3232421774932708,13.324646951161492,0.6518133236684148,224.72718241315027,158.6855518528077,1.2402552998040595,135.22970773009195,97.6104177352028,0.0,0.0,34.737523010803585,59.82573407416172,30.976570716326815,129.1828125,203.3447265625,73.046875,0.6407732020650738,139.16015625,-1.0760964595772269,0.015367429400007807,39.39968490029484,127.6123046875,125.3173828125,0.01798354696766788,108.33740234375,-0.39555498598289107,0.7379002689917786,7.3918597870277,152.783203125,65.5029296875,0.5712687759667625,106.6650390625,-1.279501238463268,0.2392026521395756,28.82771547710654,0.8967245989304813,1.913156913902348,0.5828949931813754,0.0,1.0,76,NOR
75.0,180.0,23.148148148148145,10.307764064044152,3.75,1.1927823744842112,6.853428254707899,0.8419405764956392,7.588384005959177,2804993440705.672,277.58252147247765,179.6129662869379,0.9078566491166166,195.03048327204937,160.03664182301478,1.5625,0.0026835551738943753,74.49844840736058,45.87064650664409,70.25430415714162,93.26953125,16.298006013006624,8.75,1.382543903285008,12.715435995929232,0.9848520517677084,12.767176033022006,0.6197851510676821,233.56601717798213,159.42819253992695,0.9242810826932998,122.30077554195744,83.23786327785076,0.0,0.0,35.66372164632663,57.0861607800364,21.478920140841964,116.07421875,149.956787109375,72.002197265625,0.5198470262429118,99.489990234375,-0.3142095401070879,0.7678586794483332,22.920855409677323,113.135009765625,108.547119140625,0.04055235098758958,95.9501953125,-0.6223595532955208,0.6396606361952398,7.194065717263354,136.034912109375,45.91845703125,0.6624509376362844,110.267578125,-1.0997928466441862,-0.515467539832695,27.62298398560499,0.6377368854710245,2.363910422049957,0.6633266533066132,2.0,-24.0,77,NOR
84.0,185.0,24.543462381300216,12.5,3.75,1.2999439168292768,8.228604954812786,1.0030940913555604,8.277878641063381,0.4732267783293421,306.9023266258723,230.03429368105557,0.9126027167694296,201.92388155425118,168.3753380982114,564.0625,0.8344119822485208,83.40968373096823,64.12716375204815,82.4997052140223,139.89609375,21.50581316760657,6.25,2.24337467270119,13.791726562596725,0.9828019198752482,13.023261520957115,0.5353541228039712,247.27922061357856,156.67133941211426,0.938492375431032,126.13961030678928,95.41276599185036,100.0,2.088772845953003,45.05521731423953,80.40149028651891,28.735767878102028,175.39921875000002,180.2851648349315,94.2454951889813,0.47724209434940384,163.3127511832863,-0.746368738689084,-0.9020750620066774,28.717286388687537,167.96708047762513,167.96708047762513,0.0,136.6952214036137,-0.2875785479528785,1.1138135521067944,12.215404550080654,174.69623126462102,59.96421034634113,0.6567515514658677,157.51820467226207,-0.6121212822883719,-0.9920939367577845,38.637988461303884,0.6362554541848473,2.8011221945137157,0.5610950367237926,-2.0,0.0,78,NOR
80.0,178.0,25.24933720489837,12.5,1.7677669529663689,1.0054013063358012,7.407017560510081,0.7769364935854001,8.18146938326446,0.5942692267756151,255.38582233137677,179.9606845282529,0.931149671122273,158.21067811865476,128.89764702571554,0.0,0.0,62.08022854643948,53.9332787865486,58.61561442482726,112.62890625,17.001838135919304,1.25,1.6196867980667684,11.299405354053231,0.9112641401259066,13.343095529172643,0.6114892870212557,216.1916485072175,140.98436738927657,0.98653222854175,118.03300858899107,76.81162813908274,0.0,0.0,33.1534503247247,67.86244168364266,23.914479333758766,141.7171875,131.34928494505584,65.29145471937954,0.502917318912765,114.94697990175337,-1.550995843984652,-0.4685131058486419,23.760137221395237,137.7793623637408,122.07801052741706,0.11396011396011396,115.816161878407,0.006655812258394178,0.9466983222352602,8.533533450310548,117.47975748963654,40.78613060340285,0.652824184566428,95.63805556017905,-1.277619184727504,-0.42346852787962647,24.84068251575356,0.6246779272831378,2.9931255728689274,0.5348338692390139,-2.0,2.0,79,NOR
74.0,155.0,30.80124869927159,10.752906583803284,2.7950849718747373,1.0547500626042716,6.431307903645255,0.7058932674550634,6.721529587468299,0.6638609035151325,240.762716319083,179.36465837769663,0.9216643997916519,185.58504678941932,146.68698884803294,451.5625,1.083858385838584,62.22099998334676,37.99087506017514,56.014656569138424,71.203125,17.41048534648015,3.5355339059327378,1.5973533495066985,10.947490894799214,1.0092707177620812,10.912192577276707,0.719069283007399,185.88834764831844,126.23428022089936,0.9406870250039768,139.3718433538229,88.05753963192679,81.25,0.8436080467229072,29.403536711319887,48.67033763469443,21.096315413599562,91.21875,116.67447412014008,54.44396806135774,0.5333686440677966,90.50305473990738,-1.1416939148627168,-0.30690266529012916,20.691331351705525,87.96933999471366,87.96933999471366,0.0,74.34289849922061,-1.140151683431301,0.5575583232441097,5.618994941751858,100.29802515730262,38.160215979442,0.6195317313616759,68.00861163623631,-1.2055717832614168,0.07996156790593557,18.576365487391243,0.7009080590238366,2.305263157894737,0.6188970846505093,-1.0,0.0,80,NOR
70.0,177.0,22.34351559258195,8.385254915624213,1.25,0.9590818307900458,5.35551138590154,0.7492405854052606,5.03642139053613,0.5737582612517563,273.27033713709534,198.10360851232838,0.9061898162706945,181.6205806953521,158.4760663701915,242.1875,0.3286404885081842,85.33570963188694,41.876149653547365,80.68654740164597,81.571875,12.747548783981962,1.25,1.142205395811563,7.324991688940607,0.6928086225681575,8.16814928164454,0.6060338110033819,272.27922061357856,181.04788305585447,0.8693974877978643,181.01397897755385,119.04633380371584,385.9375,1.2189103829451244,62.342570341021236,45.09350467519964,41.78350330475633,87.8390625,183.9494191519916,125.79335464257747,0.3161524770097894,164.0388453421183,-1.4486791105778107,-0.29987174134085065,20.710750947899772,90.36494752764702,89.69648701604456,0.007397342995169082,86.41557368868962,-1.5158945361605647,-0.026899946650358404,3.090506149102557,157.5247658668086,77.71876601222903,0.5066250974279034,135.64973667589948,-1.5843817941003302,-0.3574765212418295,30.145276099012094,0.6178288688862379,1.1541162015095665,1.4024334600760455,-1.0,-13.0,81,RV
82.0,183.0,24.48565200513601,11.524430571616108,3.9528470752104745,1.1395337551980975,7.111948620260184,0.8433908653704516,7.902110633710745,0.5449799918474817,323.13708498984766,225.2374919888116,0.8923743849214825,191.317279836453,155.1281902965676,276.5625,0.5753478091275517,99.65134028950716,51.084609203015155,70.32456538824064,109.51171875,15.90990257669732,4.5069390943299865,1.6687773846110348,10.80198788757938,0.7632889877624854,12.537464474925445,0.5496531807093717,252.83378413094852,185.5393592706681,0.8836041148215306,132.72970773009195,100.38405252558887,0.0,0.0,49.88306858206034,60.68928104567943,30.558928022118277,130.1015625,211.09590098261833,111.1761115975678,0.4733383685800604,169.1318215727806,-1.0755913960277288,-0.17748283241523843,30.37479550582094,124.8718350827694,124.8718350827694,0.0,110.10787705332041,0.5043771539107231,-0.6360714837863859,8.345595238470978,145.08857242763042,64.3332296423614,0.5565934065934066,105.32473730295897,-1.3458229015762335,-0.11043413496064174,25.4884820917336,0.578660547827334,1.9410161090458489,0.8903217568947907,0.0,0.0,82,RV
58.0,160.0,22.656249999999996,12.311072252245129,2.7950849718747373,1.435961853266779,7.653720779298677,0.7546167217237875,8.779671398646977,0.7427990510530501,271.85028842544403,207.44778126795146,0.9433337388428759,120.10407640085654,90.60808977507662,767.1875,4.359019886363637,100.33580827641318,35.599261559177435,24.777397465736946,60.0140625,16.298006013006624,3.9528470752104745,1.7355326550624763,10.387623735146253,0.6852927341397961,10.758726137172093,0.7040580971225184,259.47591975467947,200.80945605322668,0.9200916743917243,84.92640687119285,70.90559159102153,290.625,290.625,92.72546859919153,37.467784855886585,11.882640340009747,63.1640625,168.5546875,141.015625,0.1633835457705678,159.3017578125,-1.1072195576376882,-0.3639605801281478,9.136658713553164,69.53125,69.53125,0.0,62.3779296875,-1.328693537845952,0.12160507052597935,4.488446885043714,53.22265625,18.896484375,0.6449541284403669,29.58984375,-1.1272921700927507,0.5191587833536864,11.562217145995607,0.1340027700831025,3.6795865633074936,2.0280898876404496,-4.0,16.0,83,RV
35.0,140.0,17.85714285714286,7.905694150420949,1.25,1.1782918674376859,4.728386669695931,0.7971612343381512,5.53548942235458,0.6398266062141557,243.44038584874676,172.636823484716,0.8561746458138835,134.3718433538229,122.51676579962717,1501.5625,2.7884168987929434,74.35714285714285,27.924107142857142,45.12053571428571,34.20703125,11.180339887498949,1.7677669529663689,1.162882923622044,7.472773752592558,0.6839908103703004,7.762458796698813,0.6479882945831754,205.3337841309485,153.6840276892052,0.9604005504307285,87.42640687119285,69.16815472394508,476.5625,3.7359137677609016,42.52232142857142,26.584821428571427,13.205357142857142,32.56640625,126.13419308513403,62.62783253286034,0.5034825133372851,96.59135192167014,-1.302108617752821,-0.11007533518734132,20.663036451421153,35.70188334211707,35.70188334211707,0.0,31.36531950160861,-1.5149893955866545,-0.07070629013065752,2.884678918451303,57.468816929496825,18.841622203588486,0.6721418116766954,42.55253268498927,-1.3206618362931577,-0.16358383369889115,12.45638458711476,0.3008506193105507,1.8948412698412698,1.7541884816753928,-2.0,-1.0,84,RV
61.0,172.0,20.61925365062196,11.319231422671772,2.7950849718747373,0.8582746035887101,6.057099473867111,0.7818643469619256,6.100112991596744,0.6935355756267592,289.60155108391484,201.21655156447287,0.93050747329971,145.40737725975563,126.72390993868966,1376.5625,2.817937563971341,113.29942306278828,37.85494900942663,50.101061624178286,67.85625,12.747548783981962,1.25,1.2955411717544985,8.15052512277702,0.7768142300503399,8.519180517910657,0.6987388078511388,254.904851942814,192.0569469121192,0.9308459759610669,107.60407640085653,84.39594923753621,765.625,7.464960390006094,84.47804143061119,39.71291676786803,22.799003380677405,71.18671875,203.35513042006642,122.19178382819518,0.39912121432202774,177.70497261942364,-1.2104404718659816,-0.4314463200726443,26.807032139765553,67.2287423685193,67.2287423685193,0.0,59.37160464003682,-1.2313447700168447,0.1540820282889869,3.980362101495822,88.94663904095069,35.76326881488785,0.5979244499792445,68.07057855371386,-1.1920704003380684,-0.3722919986368443,17.10904282420442,0.29268145283132896,1.8798265537889738,1.8175527240773286,-4.0,0.0,85,RV
70.0,165.0,25.71166207529844,10.606601717798211,1.25,1.861109522873998,5.014159813070114,0.7987212471931356,6.956779516924638,0.6513951263122888,320.26019100214137,243.20996300912677,0.7796648151136294,178.817279836453,126.94472137310206,2153.125,6.053417677033913,135.53374853400976,27.530701575164755,45.35238196745297,51.778125,13.75,1.25,2.5809813786523526,8.341404345513421,2.315876478347101,9.538588859284179,0.7166749536568597,278.4403858487467,226.5393667485326,0.7646671969588303,126.87184335382291,102.30077554195745,2867.1875,11.011761881901105,126.00791643005542,33.94231933744172,18.38869420799978,63.83671875,250.390625,197.9736328125,0.20934087363494538,234.2529296875,-0.375592038935197,-0.8718772665517754,15.062173634360988,63.57421875,62.6953125,0.013824884792626729,49.658203125,-1.0432710442969848,0.303195713316862,7.578824814354917,87.6708984375,33.7890625,0.6145920356446672,51.6845703125,-0.47168311207338975,0.5395047429521417,15.123937584737488,0.17067455913182883,1.8554913294797688,3.157710280373832,-4.0,-18.0,86,RV
64.0,170.0,22.145328719723185,12.374368670764582,1.25,1.262126463246688,7.663772789467609,1.0004919323571735,8.734045182611428,0.5746401231694667,306.4213562373095,253.26843193259228,0.890418324009943,209.60155108391487,159.05395462172817,1546.875,12.751159196290573,138.86260637920162,63.076878418720845,93.4648701448102,115.13906250000001,16.25,1.25,1.7876694210809567,10.472913946000737,1.2442360462557938,11.128228303631825,0.5553821791634893,279.2246570962086,203.14897849699582,0.9235810151784025,161.31727983645294,123.30950118613175,581.25,4.7913446676970635,88.99789827617182,80.83691144171776,57.05500487347391,147.5578125,250.77496104873717,163.22828368470073,0.3491045397750937,222.01051945239305,-0.35210909844419147,-0.8088165152926888,24.229031478231608,147.70760096423328,146.45424838922918,0.00848536274925753,113.78352460078895,-0.6934908211288429,0.94697938708016,13.002711799994263,162.12115557678044,94.4192273169756,0.4176008246360005,146.8302541617304,-0.8220251502597908,-0.745002564900824,21.265472205844073,0.5784489378039417,1.5511061946902656,1.1145343032377693,0.0,-26.0,87,RV
70.0,180.0,21.604938271604937,11.25,1.25,1.314639675539964,6.358624540908803,1.155840743098931,6.901090038444164,0.5332754585862601,304.51271631908304,226.49494936611663,0.8241414378496512,206.01397897755388,146.52047814420894,0.0,0.0,78.27413622510129,48.674953683300295,73.84762190592676,95.61562500000001,14.577379737113251,5.0,1.4283300908090097,10.031317496565459,1.001264444534746,11.170471677180812,0.55275680114522,239.29825022501575,206.5910780675463,0.9015619533239272,145.83630944789016,113.6335136523794,0.0,0.0,40.924377667839984,40.540189632590874,26.233361276466407,79.6359375,160.82614227104932,78.30537421628833,0.5131054372720333,112.21951364167035,-1.527530937551011,0.1604807032407533,29.73100152147169,105.61676083318889,92.9569372665137,0.11986566778610178,99.77796289511025,0.32190501492386847,-0.9342296867370926,4.84899266033217,142.17745820246637,52.93115887790918,0.6277106121665708,111.05993928480893,-1.2277655424104188,-0.2986574194217646,29.75867617982854,0.6759581881533101,1.7561855670103093,0.842383328441444,1.0,0.0,88,RV
103.0,170.0,35.6401384083045,13.050383136138189,3.5355339059327378,1.38322427206183,6.850699182873353,0.8627643208733194,6.117397949109375,0.5134132052823276,276.5469875665449,192.34668098165176,0.907664541909225,149.67514421272202,126.1728143831297,290.625,0.5608491134965625,49.962079602444774,29.061890318949015,32.15795225687703,67.2984375,16.298006013006624,6.373774391990981,1.4998419682481805,10.488801592204846,0.6933112105510495,9.424506440654083,0.5903703274101136,265.94038584874676,173.284707089348,0.9750164923478519,106.39087296526012,79.14721616907251,271.875,2.611044417767107,45.697024026626316,35.11231799627287,13.949990745492592,81.309375,122.88225764036179,104.99648770689964,0.145552094150225,112.3868623226881,-1.4340195956096404,0.26684934101885394,5.575887783991928,80.00745123624802,79.49703687429428,0.006379585326953748,66.89618231356144,-1.0935240195586065,0.6193267479530363,5.6402526718305115,76.45581796765327,31.241612404584885,0.5913769123783031,57.453516617417336,-1.307353106173247,-0.207216008641296,14.599234146431911,0.29754911889811625,2.544588155207624,1.3207597645799893,-1.0,9.0,89,RV
66.0,150.0,29.333333333333332,13.287682265918313,1.25,1.4119840859246289,6.0709549209438345,0.8934108926428284,5.4935916709447286,0.7378069477860562,315.992424049175,232.33922116278768,0.8850320163120203,144.67514421272202,119.10443716041962,1204.6875,4.1756932409012135,135.73663843710196,38.442696433664864,43.83221171799239,66.9375,13.75,1.25,1.1806088128853365,7.408262265171206,0.7834287190305502,8.138820226135419,0.7179877137543257,291.85028842544403,200.32870358560692,0.8435648286817234,101.69417382415922,90.67217557602974,0.0,0.0,88.41820179742918,33.599670461384534,19.86205982406018,58.5046875,241.8036581799388,145.94953758269548,0.39641302914413823,180.83457016199827,-1.7197911471201628,0.16832831716488666,38.1499569796591,69.80195275694132,55.42064590752125,0.20603015075376885,64.36511724069715,-0.7130324097063983,-0.7471590441175132,4.6917832978921306,76.56212360411882,29.655466452240944,0.6126613910870471,56.29755486175418,-1.51437126694837,-0.14220664652347711,17.632421071988436,0.20318986235525455,1.8688172043010753,2.6334867663981587,3.0,1.0,90,RV
53.0,162.0,20.195092211553114,8.838834764831844,1.7677669529663689,1.0505790527022847,5.328925516985871,0.7242958421489316,6.006652409100833,0.6437044138852946,266.2436867076458,225.93186313182665,0.9114843381437056,166.92388155425118,150.61350742628255,1464.0625,2.1264524328249816,118.94204789449998,42.513991600262756,76.35723336677368,68.9390625,12.5,3.75,1.2960939259582929,8.258995048099985,0.968997871600909,8.150091758500098,0.6383269804421959,216.36931803688122,171.87946417183525,0.9218250517882436,123.21067811865476,100.15821903206954,665.625,3.02901023890785,59.07643906566735,42.96928184824272,29.90751051175076,69.67734375,185.83984375,95.6298828125,0.48541776142932214,118.83544921875,-1.3503191793425977,0.43759048439391884,30.70614335824651,69.384765625,66.3330078125,0.04398311048557354,65.966796875,-0.735073637452555,-0.0836731869087551,2.0128922373067306,118.5791015625,47.0458984375,0.6032530368540251,88.51318359375,-1.5293999562811142,-0.17033705091952872,26.25062396806538,0.49195813122287463,1.4099636741048263,1.4416635995583365,-1.0,0.0,91,RV
69.0,170.0,23.87543252595156,13.287682265918313,3.5355339059327378,1.383666188661765,7.088865916307488,0.9457260992822587,8.235967294487326,0.7073939385534609,298.6180553784104,220.92816546018392,0.9143986202682058,178.38834764831844,147.99403464801256,2037.5,3.95583060308215,130.43011640470644,49.03680710330912,64.40138479234244,92.94140625,17.765838004439868,1.25,1.6857300507367101,11.318841690464135,1.183267108245937,11.604690271399337,0.6574745071976322,335.9035892843431,218.31655831732678,0.9466475411798835,121.5685424949238,87.56164960563584,1348.4375,14.00064892926671,86.95918166987528,59.06922712673989,24.254392498406386,111.95625000000001,239.51198621094227,135.56961697340012,0.43397564723962645,189.6077569052577,-1.4947798252154334,-0.11858762068000253,35.90472763569667,102.38507413864136,101.87541392445564,0.00497787610619469,87.63324238359928,-1.3820530802594047,0.4233970568990817,7.401391787347362,119.54363468289375,40.98517555743456,0.6571530080530554,88.77997786551714,-1.533108192064673,-0.2274781026244951,28.297895030879776,0.3023182957393484,2.48566493955095,1.3307392996108949,-2.0,0.0,92,RV
65.0,165.0,23.875114784205696,10.0,1.25,1.1005034921018484,4.931337290775148,0.8757489742781207,5.7615616844109665,0.608864027942715,455.84523779156075,285.91718186394115,1.276166601231967,183.08504678941932,130.00472833190938,831.25,61.574074074074076,161.38949081261532,34.04677333106609,52.25152237886559,61.70390625,13.975424859373685,1.25,1.6443267283404517,9.476626104727638,0.85329459031718,9.399662369888423,0.635372055818465,339.8236379959945,228.00078451539488,0.89429252266873,125.10407640085653,95.86574669941302,1235.9375,3.1559208426428342,79.55411965791247,37.29665145546193,19.34537479619469,67.59375,288.52783203125,148.08349609375,0.48676183142806373,214.229736328125,-1.3941679108817382,0.07637021324842291,48.129096024012014,67.59033203125,66.1376953125,0.021491782553729456,62.574462890625,-0.7930492078086426,-0.4571216848502988,4.127687719323752,97.5146484375,36.6064453125,0.6246056782334385,69.23095703125,-1.5058775920229748,0.001957364577217392,21.034102185073177,0.247201384881708,1.8067226890756303,2.239018087855297,0.0,-28.0,93,RV
45.0,164.0,16.731112433075552,10.307764064044152,1.25,1.243886567255354,4.90068524944113,0.7147074536427661,4.953060592724219,0.531856418999288,275.08252147247765,167.37336751742538,0.7636577810373086,196.52412511250787,134.92793103479534,65.625,0.10862818125387957,52.15309974191897,23.833933843136858,35.3034688564779,35.831250000000004,9.519716382329886,1.25,1.0128334332310938,5.293981663892861,0.4577386338578118,5.4979994256059666,0.793689158643817,222.012716319083,135.3074381493198,0.7283056880551938,106.69417382415922,96.2078147035017,12.5,0.033383408446002336,29.57415783649308,17.897276329095444,15.310901640073723,26.90625,91.0451343730092,47.993003502488136,0.47286580625097185,64.52864600718021,-1.1260149327531987,0.3729614759952933,13.877128500824018,37.71485584974289,34.458693370223045,0.08633633633633633,34.23217771947384,1.765850748703599,-1.3058616128526948,3.0497408427173776,54.81678748130798,22.580778934061527,0.5880681818181818,41.79921617731452,-1.7461150095206293,-0.11430912809260128,12.62379920988381,0.47050147492625366,1.5260188087774296,1.3927691043549713,-1.0,-1.0,94,RV
76.0,165.0,27.915518824609737,10.752906583803284,1.25,1.0116819240063266,5.418758216247357,0.6391045021366073,5.5078543474308,0.5754865169616661,320.08252147247765,241.92080227876846,0.8404652762355045,185.4594154601839,150.48877799595488,615.625,1.7617599713825791,110.0566111904074,36.11624986120626,61.95184259919479,70.7765625,13.520817282989961,1.25,1.539841733955577,8.765330225709436,1.0084634580848781,8.611643343792768,0.5546461886167943,282.0203371370954,217.3898282277323,0.8727782758289934,148.29189206547423,112.79379353104504,0.0,0.0,72.2827309461416,41.40727209400236,28.648541266816835,81.1453125,221.30126953125,141.29638671875,0.36152021622814273,190.960693359375,-1.473109025619927,-0.17936737166241465,27.343647611517174,84.26513671875,77.35595703125,0.08199333623062437,72.943115234375,-0.8899744916678545,0.5027957879176153,5.093496809103493,121.74072265625,55.37109375,0.5451719643036198,101.52587890625,-1.3071796183410154,-0.39867887149667575,22.251033236441867,0.39187904967602594,1.3970458553791887,1.826574088685498,2.0,3.0,95,RV
76.0,186.0,21.967857555786793,12.747548783981962,3.5355339059327378,1.2280666353510064,7.154013019591527,0.8268259045529639,7.671125035413017,0.5885382624536492,318.0114536606121,248.1970096433304,0.9004716338185345,178.38834764831844,149.8576037264699,984.375,2.7675276752767526,135.82109852459908,58.92546120605684,77.3214335054989,122.60390625000001,16.298006013006624,6.73145600891813,1.5959327225334172,10.620031098813735,0.9555511730861808,11.68411601620099,0.6155036855176572,294.904851942814,215.53333547040563,0.9592676645208881,129.3718433538229,97.77126730575324,434.375,16.70673076923077,98.42200010357305,56.41799477175655,32.02145028205497,117.38671875,279.6052563935518,207.30429212003946,0.2585822784810127,219.59276617318392,-0.021276973444488867,1.0971939086585076,22.649074327614272,119.74183587729931,118.09959740936756,0.013714826200047292,117.81645284593105,-0.35451713726023737,-0.6564749296818233,1.861287351525723,155.48883701115847,72.18770644813776,0.5357370481653464,95.73117689788342,-0.6876980708448528,0.7133175805393929,26.485714814530066,0.3482209929659223,1.636007060207884,1.7553344521697434,-1.0,0.0,96,RV
82.0,187.0,23.449340844748203,12.5,2.5,1.1510110506077345,7.097737640945926,0.9800888824483012,7.566689722741406,0.6264517270857379,317.7601910021413,227.90500977512283,0.897648843302352,170.58504678941938,145.94735290392998,585.9375,0.8647726224518033,106.63515345469214,48.324613738111466,60.18810578379855,104.72109375000001,16.441183047457383,1.25,1.6673285443899073,10.476791538706898,0.9662147055846361,10.163013636496688,0.6651350552586355,280.208152801713,194.4260589308261,0.9383801302096417,109.49747468305833,89.66752339470966,379.6875,2.623056994818653,72.18030195506105,54.01030775617847,24.332650564670256,117.04218750000001,233.80108067393303,139.49624368548393,0.4033550089529733,201.24608145654202,-1.564381558407924,-0.21463278141359193,33.014307291095896,111.6675032377243,111.6675032377243,0.0,102.3802395015955,-0.5575263355454729,0.12551258711255792,4.154680094737643,124.82170596718788,50.10495311021805,0.5985878199470432,94.07348166406155,-1.4743486165033064,-0.06888558897907843,26.042842105550417,0.35918496288106144,2.2286719437115217,1.249210734017364,-3.0,0.0,97,RV
50.0,167.0,17.92821542543655,14.252192813739224,3.5355339059327378,1.2436628642822216,8.518444629858253,0.9985385608163843,7.636236824513662,0.6219952867514625,292.76019100214137,220.01253593930144,0.9287428826381994,147.4784450716211,130.7645201168985,829.6875,1.7840344039779599,117.02035355263558,65.57900227147525,59.75158154397244,104.86875,17.001838135919304,1.25,1.6973314373047752,10.256904107594654,0.6889270103181874,8.313264630439505,0.6360093957670012,265.08252147247765,204.72827110143777,9.745906958459729,128.63961030678928,82.3165454981304,417.1875,47.340425531914896,106.90444362778037,68.03103317618154,26.98259949530349,108.78984375,192.984375,154.796875,0.19787871427414785,170.3046875,0.623323147060661,0.4798448166559866,8.391721590430137,109.671875,109.671875,0.0,104.0859375,-1.415950302775784,-0.23475848696526866,4.487525934281283,90.84375,41.484375,0.5433436532507739,57.390625,-0.9899227580584813,0.5700949111014774,15.640319404492402,0.2679923286565055,2.6436911487758947,1.411454623165693,-5.0,-21.0,98,RV
80.0,180.0,24.691358024691358,10.606601717798211,1.25,1.339454004474468,6.282206158949602,0.8059626738051547,7.510490849870978,0.5355085334269496,391.45815280171314,250.1825846509528,0.7493225355146871,190.15611460128483,162.0604537883833,0.0,0.0,92.921875,44.8828125,68.3984375,94.25390625,13.520817282989961,1.25,1.305202247130675,7.734402988272801,0.9256008175744602,9.337869753636856,0.6273994634302623,252.012716319083,162.0451581303367,0.7460637994343436,146.7462120245875,115.9365594157451,25.0,25.0,53.15625,41.515625,32.59375,87.1828125,198.62785003334284,119.06829218566418,0.4005458340022475,169.8652363345027,-1.5432674343844377,-0.2813287879786869,26.759212350893574,103.52308799698949,103.22015581279993,0.002926228245803173,93.57415731623769,-1.1692168425331046,0.5653829760134236,4.328058011610327,139.9068376980722,75.92437163740396,0.4573219373219373,106.36108424887061,-0.8909641936291797,0.1128757995840465,18.68463605778505,0.6376539903588645,1.3595128097438052,1.1535372258263825,0.0,0.0,99,RV
63.0,165.0,23.140495867768596,11.180339887498949,1.25,0.8661712803453934,6.174093175925152,0.7437380432753526,6.671116152251805,0.5338451820158223,273.22591975467947,193.15991940189258,0.919773926122641,134.3718433538229,107.9728872904207,57.8125,0.21683075480543834,83.1517819084526,40.65177792958851,42.6379312959742,72.53203125,15.05199322349037,1.25,1.1695208156961527,9.663938271088302,0.6267125907315331,9.488114402434348,0.6401457045302605,228.38834764831844,156.15230098747952,0.9863409532544086,95.22970773009195,69.17187173826139,520.3125,10.868146214099216,55.36402508800101,47.005629671127906,16.65242475242814,83.86875,154.64003045111895,100.32903901301324,0.3512091356918943,129.22449477016926,-1.2836856371598029,-0.1052526384554882,16.564321771502904,81.92528259009123,81.92528259009123,0.0,76.30720266606659,-1.2007021223131515,0.027330655110388676,3.483549096024997,72.78400000184774,28.445316841825843,0.6091817316841104,48.63231589086354,-1.3443785325554665,0.06148100023862177,13.359968423353187,0.2835202761000863,2.8800973828362753,1.224640743871513,-4.0,0.0,100,RV
79.0,169.0,27.660095935016283,10.0,1.25,0.9888655423452952,6.446131527425246,0.7490808409791171,6.283930477552689,0.5190423483174456,234.29825022501575,160.22768298981987,0.9183643290725865,208.99494936611666,170.4940565317496,189.0625,0.38334811810923836,65.7770741308217,66.22332293767938,115.92732640695453,133.9078125,12.311072252245129,1.25,1.5211307208917129,7.953573196431336,0.8839078786324942,8.184083008329212,0.47372436115597666,201.01397897755388,142.94327192525148,0.911919066620184,183.6916485072175,149.92500391733637,0.0,0.0,31.991982644360423,67.35922899149892,79.59455991406944,136.2046875,130.35583458840847,62.14982904493809,0.5232294032624406,81.96025528013706,-1.5389984902139904,0.34050795461405264,25.266639399938757,139.10364508628845,132.85905420780182,0.04489164086687306,132.21306204795837,-0.6743050387499978,0.01840127206151288,3.580473108678534,223.48637096583843,151.56591050326824,0.32181139347223897,184.41730346530676,-1.50979571515252,0.16158898758891724,27.130546935923828,2.4387180597661327,0.8765760966080625,0.4677876823338736,2.0,-28.0,101,DCM
75.0,156.0,30.818540433925047,13.46291201783626,4.5069390943299865,1.0637125512036936,7.509442853312437,1.0391468229174547,8.001556941919928,0.7074089272601576,212.35281374238568,145.91245353203175,0.9416297371700203,138.94291116568837,117.53536634534757,178.125,0.42754275427542754,52.7571889753589,43.335952830096026,41.26449428481744,82.03125,19.080421903092184,5.153882032022076,1.4879374810134907,12.39710812098187,1.2569681893183942,12.019392005978055,0.7718232819055751,177.26397897755385,109.04379353104507,0.9859953130038942,81.087572106361,64.65631008863417,20.3125,0.14833409402099498,25.576879360322675,47.0715119640503,11.371354022617197,89.10234375,96.97265625,47.75390625,0.5075528700906344,58.6181640625,-0.5847333612372814,0.9183434023427474,16.994865450054448,87.451171875,85.546875,0.021775544388609715,83.28857421875,-0.6410592354525457,-0.38321454522006254,2.635849043969863,75.927734375,20.849609375,0.7254019292604501,48.27880859375,-1.5486740148723015,0.028271660499000532,20.321535252857668,0.43660531697341515,4.1030444964871196,0.5582191780821918,1.0,-1.0,102,NOR
107.0,175.0,34.93877551020408,15.90990257669732,5.5901699437494745,1.4842360787332278,10.150905349810992,0.9915769382409063,10.814483245456092,0.4652713134206905,261.97591975467947,166.49383332315784,0.92558342901467,190.4594154601839,156.48817530566123,0.0,0.0,39.70898077520509,77.70518632718705,73.6219301950231,186.0796875,22.114757516192665,6.25,2.4185572203225196,12.459800967059213,0.9323742705682964,12.297424562066348,0.41712516094469443,181.1028137423857,104.90429157467476,0.9144785441979845,168.08504678941932,131.93924354468936,0.0,0.0,12.599174542029358,87.23506766920056,51.97930247437561,208.90078125000002,95.068359375,31.3232421875,0.6705187467899333,62.95166015625,-1.2916065011931885,0.08561201766124515,21.324621416606988,200.9765625,200.6103515625,0.0018221574344023323,183.31298828125,-1.1206295234866261,0.5576427721078661,7.710727500267566,170.3369140625,119.9951171875,0.29554249677511824,138.4765625,-1.2922551096597414,0.38140134895327854,17.32188384310328,3.8308651597817613,1.6718209562563582,0.15613971035657784,-1.0,0.0,103,MINF
74.0,180.0,22.839506172839506,18.58258593414813,4.5069390943299865,1.9334273318252342,9.852693923701505,1.535171523249957,11.32361621832025,0.48252137838089476,347.11679271993955,204.00872873509437,0.9104610662660055,171.317279836453,142.3953923290591,0.0,0.0,60.2161748518453,84.14668221911042,71.92961396372456,169.95234375,26.2797450520358,10.0,1.876471933777253,19.788558539909737,1.2482199575229465,18.914640732963125,0.4801160861051682,215.9403858487467,135.61264421272202,2454369260618.205,87.12310601229375,42.182111267905285,0.0,0.0,20.03144303043984,97.51722367414041,8.667295098734511,196.95703125,120.04057320579886,39.23468750528991,0.6731547804422299,76.55343624483794,-0.9440925778261442,0.22146721246046877,23.310976417115018,187.6498465295881,187.6498465295881,0.0,170.36901346687227,-0.8652957531460514,-0.31136253025891075,11.01445968645477,141.05047732964158,17.421023704111576,0.8764908560826928,88.19860552344471,-1.5082851210137127,-0.1910551285509805,43.15557926961013,0.44402096236303,10.771459227467812,0.20908457017631238,0.0,28.0,104,HCM
84.0,173.0,28.06642386982525,24.748737341529164,1.25,2.6412108256768287,7.987430961199683,2.064460182099132,11.75118221379732,4908738521234.627,241.06601717798213,147.1954476994269,0.9058297257013003,178.99494936611666,135.49836751742538,0.0,0.0,56.39057031692985,74.94634204168432,69.10586234122724,158.10703125,27.52839443193155,9.100137361600648,2.8581822070008323,15.923059979939696,1.9014807524256974,18.79193354586143,0.646792847761627,228.99494936611666,115.97801670759964,0.9412680583145253,98.46194077712559,71.48804365763233,0.0,0.0,21.573223287706995,75.9651207910317,14.216240868755726,160.25625,119.73188883066177,43.40666562318802,0.6374677953625322,72.5354026556015,-0.5724975241308425,0.7125091457751668,23.42644706109678,162.01482859253883,156.0216239988804,0.03699170406636747,155.4928118288517,0.2175978574887374,-1.1171329023706311,7.347193218997313,140.59793570637703,25.735525608062744,0.8169565898761949,68.74558210372925,-0.8270369950946712,0.4444380291902877,34.234951704681784,0.5928934010152285,6.0625,0.27820929247281456,0.0,1.0,105,HCM
91.0,181.0,27.776929886145112,10.307764064044152,1.25,1.4060507816709011,6.2182302043959226,1.0236187610497496,6.4096801465976005,0.6713432116130154,333.2411613907041,250.31827685988162,0.8803564399330494,251.54698756654494,205.72577447405078,790.625,1.125344720220621,147.0685417912981,61.353433790548486,133.51804534154604,137.79609375,11.180339887498949,1.25,1.468153119474504,6.32507465103504,1.0243128693334134,6.969266448196922,0.6672162809598783,298.18912319027584,240.99298024547454,0.8703489913382337,237.27922061357856,199.60394607595697,829.6875,1.183577032810271,132.73642640886493,60.46224211029526,122.67764818174442,135.79453125,324.4384765625,286.71875,0.11626156971931673,305.50537109375,-1.3703089824665866,-0.09472345934571068,12.854537774060976,134.6923828125,131.7626953125,0.021750951604132682,132.36083984375,0.10963447995983922,-0.8318264855247633,1.8707299176287953,289.2822265625,263.18359375,0.09021858384673812,283.94775390625,-1.3660042247198643,-0.5333624720141104,9.332115706990445,0.9179155313351499,0.5006493506493507,2.176023716879748,-2.0,2.0,106,DCM
47.0,155.0,19.562955254942764,9.519716382329886,2.7950849718747373,0.9949644934898152,5.626913593170421,0.7726492047223406,5.052791918003884,0.4981608566757305,263.7436867076458,174.5171524489262,0.9162187939562303,172.78174593052023,144.31553246425875,89.0625,0.19477856752323675,74.98707287143,52.349258723485484,89.02449474482792,78.1921875,12.5,1.25,1.2251992991505833,8.047278627436977,0.7766654875112572,8.061490657834213,0.4884101426295752,218.99494936611666,146.9446021881807,0.9585622093000962,121.87184335382291,92.26052612331169,0.0,0.0,43.111800354528015,49.35065452048264,34.72010214539186,73.71328125000001,125.46127800643444,66.76812947541475,0.46781883194278906,117.2274143351242,-1.2390566930565752,-0.6015708331252334,20.591367883685447,78.0581491291523,67.7588100079447,0.13194444444444445,73.60943277552724,-0.8447755781523436,-0.5264469440640559,4.050311501472474,126.2837297692895,49.53402662649751,0.6077560686796921,109.56365927215666,-1.0277254967666856,-0.7294507787535088,25.7015206167635,0.7418812989921613,1.3679245283018868,0.9853793103448276,0.0,-2.0,107,NOR
90.0,170.0,31.14186851211073,23.351927115336757,2.5,3.2321104989111094,8.685124657970741,2.0966230651139277,13.799722659697238,0.6919199143414994,253.86931803688122,199.80300762787505,0.921312215076361,187.10155108391487,146.99100820454467,0.0,0.0,88.3360221812019,81.00689876213521,81.15848352778292,175.35,30.052038200428267,7.5,4.058573200118688,16.370848560481946,1.916476623260992,22.65681206491113,0.694311937058985,191.01397897755388,138.22539674441617,0.9012824576117001,99.62310601229375,75.33521435000452,0.0,0.0,25.928574164040473,76.72462913258745,14.61277140843906,166.08046875,185.1806640625,50.244140625,0.7286750164798945,104.248046875,-0.9896712555628331,0.463582356141551,43.30583002954224,178.3203125,156.884765625,0.12020810514786419,168.68896484375,0.772338255823775,-1.289386970136196,9.257515796569264,169.1162109375,28.41796875,0.8319618882633174,132.28759765625,-1.2609119154368067,-0.5570128391681919,46.81765053243659,0.565597667638484,5.520618556701031,0.3202614379084967,0.0,-29.0,108,HCM
60.0,180.0,18.51851851851852,9.013878188659973,3.75,0.8166598231562736,6.281849355895136,0.6830052758702055,6.212591779351105,0.6112637867726194,293.36679271993955,228.37757018412898,0.9248908051972586,190.88834764831844,160.6034450716211,660.9375,0.9345174973488866,124.85199571225658,54.15365103039568,90.310211638396,98.48671875000001,14.577379737113251,5.5901699437494745,1.4677047343823053,9.156700109624888,0.8249625793373445,9.413878825202199,0.6332255700353111,262.58252147247765,198.3493737073399,0.9357161579101231,140.40737725975563,115.49711392349523,517.1875,1.6579843718693648,86.04323230516641,56.147313678691106,41.749641340774815,102.11250000000001,226.7822265625,149.853515625,0.3392184304015502,205.72509765625,-1.7476574495123136,-0.20418608443583014,29.82962331133247,98.4130859375,98.2421875,0.0017365418010419251,95.12939453125,3.009067548905624,-1.4238714376420818,2.7500856559591567,158.8623046875,73.2177734375,0.5391117258337176,140.0390625,-1.2124282425478619,-0.6096803721393788,29.2885248788282,0.48859563375692405,1.341780593531177,1.5253479125248508,0.0,0.0,109,RV
116.0,167.0,41.593459787012804,14.577379737113251,2.5,1.204144233954754,7.467288500426672,1.0103837627549506,7.642736407885767,0.6401584269967477,270.992424049175,195.5639541411702,0.922548213766517,157.90737725975563,135.73281416954836,0.0,0.0,72.24060044608628,48.982158176591085,54.47177023846151,119.30625,18.200274723201296,7.0710678118654755,1.9031585678655867,13.181832977222617,1.0361535376869562,11.914820861944603,0.6033738575396308,220.3337841309485,157.16463090860674,0.9481773165806919,100.96194077712559,84.1613584341461,0.0,0.0,39.41069960000473,55.63031413372741,16.617022032680172,135.49921875,170.361328125,91.455078125,0.46316996274004013,117.2119140625,0.11338373723729545,0.9024688284931028,21.991083385817134,129.98046875,129.98046875,0.0,118.5302734375,-1.1748105814831475,0.44115685731727605,5.545664671662564,128.3447265625,39.2822265625,0.6939319003233784,93.56689453125,-1.33693060138174,-0.23449247161800854,29.634847250028557,0.42952482648158036,3.3088875077688007,0.7036063110443276,-1.0,-29.0,110,NOR
80.0,172.0,27.041644131963228,19.080421903092184,5.5901699437494745,1.855330919128324,11.770845251582307,1.3589890393590274,11.625186121776546,0.6294504641025832,224.904851942814,163.48563752561196,0.896466025010076,169.12058069535206,135.36550015001052,209.375,0.586074177746676,44.96367367805723,61.21964812902922,42.74186399400108,125.671875,24.04423007708918,1.25,2.0162861851357063,14.859096006419852,1.0030179478932737,16.732603243768573,0.6091576148417417,175.71067811865476,120.97495032723266,1.0042657147676206,110.10407640085653,69.76608340833859,0.0,0.0,15.392825365079672,72.44058624562935,13.56262961814133,148.70625,89.325439453125,31.166015625,0.6510958600841267,47.14453125,-1.0578796124415624,0.6142832817814082,19.733991500136465,146.06103515625,144.696533203125,0.00934199837530463,133.00927734375,-1.2312487856273193,-0.21579232043939153,8.808894770517828,84.28271484375,26.993408203125,0.6797278273111216,43.505859375,-1.5056202246016148,0.34651972455096536,21.534765171739586,0.8661167512690355,5.36043956043956,0.2153888205548722,0.0,0.0,111,HCM
90.0,172.0,30.42184964845863,14.630874888399532,1.25,1.8062008001953374,7.6824887051302255,1.1565394802303421,8.559356713658048,0.6280283542752514,291.2436867076458,183.3267294797218,0.9224132941441908,192.9594154601839,164.27438661763952,46.875,0.22789425706472197,89.04161608730875,73.3310491462883,101.40662344952199,159.665625,18.75,1.25,2.21608497216589,9.616713964268442,1.4639189316277692,11.839864319366036,0.5785368330611446,223.56601717798213,139.69735290392998,0.9188989174645052,153.21067811865476,129.20912489892655,0.0,0.0,31.564299719872757,70.37731186049453,55.94770241586422,153.234375,189.44428673945367,65.79614102840424,0.6526887025160335,121.88174362946302,-1.3241005595535889,0.30324083872402546,44.57880198600761,155.59291986376047,147.76093603111804,0.05033637674195098,151.89188693091273,-0.782356339687265,-0.4247450187246511,2.641414724252484,216.99642079509795,116.17131150327623,0.4646395038332328,170.9484681179747,-1.3826591686384706,-0.13076892895099398,35.08888264399266,1.765625,1.2719227674979887,0.4452877925363694,1.0,0.0,112,MINF
95.0,183.0,28.367523664486843,11.524430571616108,2.5,1.213382058120775,7.517221090760302,1.0758099405297963,8.021296196106777,0.5901294793437043,262.27922061357856,196.57546183600792,0.8909072772730674,249.17261889578037,200.51119215548056,0.0,0.0,79.85504451887236,79.25778481451965,138.2087396810472,182.88046875,15.206906325745548,2.5,1.67957353333172,9.021014957462722,0.9300348460247196,8.532924397813241,0.513262547656766,243.35155108391487,169.29158200925497,0.8885922780556033,232.65611460128483,181.78694975056305,0.0,0.0,47.787886582792375,88.94903454109993,113.92728860527932,205.2421875,177.0219810605049,102.86641989648342,0.4189059500959693,130.0482979863882,-1.3083677070648627,0.28131631825542486,23.942684193508853,196.10592463612556,192.31178748607635,0.019347386658966213,189.82011532783508,0.3649684977201666,-0.9148048302036332,5.608354248373984,303.757487654686,249.64856158196926,0.17813199105145414,269.0722786337137,-1.1447069690246434,0.4044363937331815,18.988960667665566,2.42691990090834,0.7703300442327322,0.5348939929328622,3.0,0.0,113,DCM
80.0,172.0,27.041644131963228,32.81101187101672,1.25,3.514786774293866,13.971931077579518,1.880599162644747,20.141483809573483,0.463376502663072,299.9568901432423,221.86170362846707,0.9008457447402795,198.262716319083,159.15011303965005,0.0,0.0,70.61039049869102,174.7557214085317,104.86462181475096,358.7390625,37.83186487605389,1.25,2.900830100195146,20.174629958440615,1.9893885465125625,23.853035909021823,0.9038648173244791,266.97591975467947,155.309117879096,0.9245547078012523,124.49747468305833,92.98706704297268,0.0,0.0,39.48907067957355,191.3873255542902,33.606869501640716,392.88046875000003,140.5457910206169,87.628496915102,0.37651283415347786,110.95621964335442,-1.0617161739524796,0.1542039861260012,15.227680940633375,382.68306683935225,367.44901714101434,0.039808528305573194,350.2242603348568,0.3922073480524051,0.397338793351806,12.971752037619524,209.57566284388304,62.693254832178354,0.7008562254727078,166.5277898926288,-1.350462798834126,-0.4375915766088891,50.01781182653158,0.715443686006826,5.861061419200954,0.23847797334418558,-1.0,-1.0,114,HCM
92.0,165.0,33.792470156106525,12.311072252245129,2.5,1.1858417139927695,7.361771416039815,0.9439760386024219,8.099852050044587,0.5309751774566102,280.56349186104046,194.685622837489,0.9170032350398668,193.6916485072175,162.88284621681993,0.0,0.0,74.04450995108947,63.041698175395766,88.47904241200989,135.92578125,16.770509831248425,1.25,2.114007112284239,9.431222198944477,1.042144912925002,9.683947911753028,0.4774031257230521,247.58252147247765,169.9954905054613,0.92130945112306,150.71067811865476,129.33814325838964,0.0,0.0,44.88629783182373,70.32364206843786,54.504246714587794,151.6265625,155.74245654791594,92.75012834742665,0.4044647143542967,111.33006135374308,-1.5621074811704938,0.3321499775394342,22.930902580304203,146.84502384066582,134.50824739784002,0.0840122199592668,136.81671995949,-1.3065340652796686,0.11667097773580407,5.663114455545167,184.34134739264846,108.24586724303663,0.41279659298316773,151.817118588835,-1.5453979167876501,-0.1097922382415084,26.469092985437904,1.1670697299476018,1.2426178552926956,0.6895497498610339,-4.0,0.0,115,MINF
83.0,165.0,30.48668503213958,22.150056433336687,1.25,2.290865258832868,8.449646799587393,1.6698650159107709,9.989597268324626,0.550110959712091,257.88582233137674,167.08405973647677,0.9117204501289697,173.51397897755388,144.2741300977509,362.5,0.8237466268995881,64.80150517072764,71.73908750202324,71.99544158354917,146.91796875,24.2706097986845,1.25,2.3889000668337284,13.503580790869918,1.5056398323475615,14.783177350675947,0.5244791094069194,188.56601717798213,99.02872468305833,0.935531980808533,118.33630944789016,88.84376121679682,78.125,1.072041166380789,20.428215871597907,78.51644853236513,25.635408152593453,160.79765625000002,130.810546875,38.1103515625,0.7086599477416946,85.693359375,-0.7486126004420899,0.18078332209131281,27.408316346462204,154.8095703125,154.5166015625,0.0018924459864374705,141.02783203125,-0.7380706496457878,0.7059769907448086,6.236476519564352,145.361328125,50.8056640625,0.6504870675176352,124.03564453125,-1.3625016472544467,-0.5452692021525264,34.966055601388106,1.333119795003203,3.0413262854396925,0.24664243956391216,-2.0,-1.0,116,HCM
92.0,180.0,28.39506172839506,12.5,2.5,1.4138303807059827,7.588774249554139,0.9606518907865583,8.493927749840847,0.5706208221268724,303.6180553784104,200.42020189781084,0.9004734452806058,269.0469875665449,225.32642481806784,90.625,0.17436267436267436,97.16262990235207,89.03963879932121,179.441608841931,200.5171875,15.103807466993215,5.153882032022076,1.7303577258787333,9.92239333666496,0.9273578700135053,11.251467885846129,0.44182881462220186,256.79825022501575,194.18185672222845,0.8960392153639052,230.33378413094852,178.4963427771533,0.0,0.0,48.92736165735896,95.501605712674,120.99978406299509,215.06953125,216.3982740584761,103.14292789623141,0.5233652932538654,168.05119486246258,-1.6256017829018237,-0.11305302893346121,42.38548874295257,208.62236648239195,206.58492916077375,0.009766149986560344,199.94923880137503,-1.086541074077106,0.1018346765873119,4.658181431076016,385.67380052246153,260.64244048297405,0.32418940532157225,355.2150471685454,-1.3822367844469718,-0.49745386768458144,46.01293770394572,2.5270025371511418,0.7925989672977625,0.49927614911328266,-1.0,0.0,117,DCM
80.0,176.0,25.826446280991735,15.662455107677085,1.25,1.657506592822502,8.355639140262475,1.1341718212794067,9.178399905944467,0.5677616844565078,256.6726188957804,203.70925762787505,0.8945661477923701,174.12058069535206,160.48050810843307,732.8125,0.6445495025012369,79.7820727869588,65.77399048835731,74.92309330944052,136.58203125,18.75,1.25,2.12776171122524,9.937360722482312,1.4299706479095975,10.427022864984849,0.5428456311982531,217.5304832720494,154.81256432373996,0.9165940722753064,146.7462120245875,126.05246905707129,0.0,0.0,38.81653036267861,75.36553696918203,53.685797641848396,156.49921875,158.9080570936203,78.08793044090271,0.5085967831392124,131.5860949754715,-1.4392609971974588,-0.32088499573952317,26.571179834977315,151.7250251173973,137.93184101581573,0.09090909090909091,137.62336724996567,-0.6235084822765886,0.6265340301102208,5.8984167898811,148.28774601221085,104.79294502735138,0.2933135215453195,118.52002760767937,-0.8642673654236717,0.5982179879874951,13.449838702334077,1.3419864559819412,1.3162321278385198,0.5661341853035143,4.0,0.0,118,MINF
60.0,162.0,22.86236854138088,9.519716382329886,1.25,1.0245479471589147,5.50772767109622,0.7187591206410706,5.277088642766737,0.7072967261296923,284.2246570962086,219.79111412072677,0.9059055723565659,188.51397897755385,143.64611508184282,717.1875,5.237334550433592,134.8291344247526,48.06835986438567,78.59248155868399,82.93359375,13.520817282989961,1.25,1.1809048147020795,8.449377551246199,0.8705925541413712,8.84381348605742,0.6563357404094499,241.36931803688125,184.53724736201875,0.9578511332066959,118.76524163602468,88.67640687119287,0.0,0.0,66.5254689636483,48.86712192741403,28.175380866107762,84.31171875,233.16954798996449,112.6632217913866,0.5168184578020644,140.66621911525726,-0.604649977684895,0.748608547118672,37.942297578518925,85.55212984234095,82.0128227993846,0.04137018037398643,81.53147704154253,-0.4047421402271909,-0.5246206761116582,3.0712440186923087,134.4511959478259,50.003329902887344,0.628093082025903,83.62674681097269,-1.5648642075878676,0.08426579543582603,30.014930333748364,0.4438301080673536,1.6401472253680633,1.3737269117900914,-2.0,0.0,119,RV
55.0,161.0,21.218317194552675,18.45602882529175,2.5,1.9001335762968585,7.884935833268047,1.391677483297653,8.950115290337726,0.5180845269987643,182.83378413094852,142.73732854810433,0.91006417511294,174.5495128834866,148.8513820348092,0.0,0.0,35.766088119322184,73.21587230888544,84.68293844407759,120.56953125000001,19.445436482630058,1.7677669529663689,3.0319217783690044,10.06025496490948,1.4256628278191112,12.11236290716871,0.46759579105093013,146.7462120245875,83.30902021134065,0.9121462532182397,148.21067811865476,130.69581006138952,0.0,0.0,12.044902656339977,79.59199943879246,55.84092587988881,131.06953125,58.910888671875,19.89404296875,0.6623027861698556,38.581787109375,-1.1396172310292796,0.20588058190407135,12.5556820530364,126.265869140625,123.892822265625,0.018794048551292093,120.016845703125,-1.0522347097816003,-0.25826455931278286,4.038467970115235,134.571533203125,88.63330078125,0.3413666421748714,112.818603515625,-1.1932653839514724,-0.07787720883859717,14.565931484989413,4.455268389662028,1.3978134761267291,0.16057462090981645,-1.0,1.0,120,MINF
75.0,183.0,22.395413419331717,11.858541225631424,3.5355339059327378,1.173946195243496,7.1369162582655274,0.9297385324345908,7.248381097415875,0.5828408954275084,317.5089283436705,245.42912367083386,0.9081106442184197,188.99494936611663,166.11851765854013,796.875,0.7638847282966869,121.05086767155734,56.568294015352606,82.79184748660886,115.97578125000001,17.89727632909544,7.5,1.6812874532092266,12.180660149572956,0.9622702891425403,11.554292094803738,0.5937561961821328,259.1726188957803,182.77123262640492,0.9405597298153984,123.7652416360247,99.42876462754934,204.6875,0.9876357056694813,64.30652294629701,63.43427170175415,27.511924575581023,130.05234375,239.5287432577461,124.41716816090047,0.4805752058448336,183.83407432213426,-0.6575858959424887,0.0698731695364379,31.77714782275603,125.36161641217768,125.36161641217768,0.0,116.72269270196557,1.0259632373105543,0.6477172182927587,3.0392931723291174,162.80621178634465,54.50021967664361,0.665244838764716,133.55609388649464,-1.1220677031830748,-0.5871203499106312,35.18902814938663,0.43804420629604823,2.300203873598369,0.9924662087303346,-2.0,0.0,121,RV
65.0,165.0,23.875114784205696,14.630874888399532,2.5,2.0395498510511696,8.194522837761594,1.2498612458654519,10.290002927208102,0.5101016816363874,265.6370849898476,193.14741150458318,0.8969237870400677,230.6370849898476,194.70766808798967,0.0,0.0,70.16658869691392,86.189664686275,130.39343872924115,156.20390625000002,16.770509831248425,1.25,2.1794017999509037,9.87711481972354,1.5675709319966458,11.723145004888401,0.44692987725487093,218.56601717798213,155.55289492847123,0.8889177892188389,192.65611460128483,161.63897897755385,0.0,0.0,37.14275750528162,90.67069441211326,89.51196349310861,164.32500000000002,126.19480438530445,63.25568529963493,0.49874572405929307,76.86803250014782,-0.6029386707165063,0.8168994943977631,20.41340924411152,165.10366995632648,156.35493095219135,0.05298936726512114,155.72179852426052,-0.9607367556214794,-0.11453603628337199,6.476101545010503,225.8268255442381,154.8872148692608,0.31413278960112145,177.62242478132248,-0.9620062957640747,0.4052326092165635,21.77218345525438,2.448589626933576,1.0094760312151616,0.4045646972206884,-2.0,-1.0,122,DCM
70.0,170.0,24.221453287197235,13.46291201783626,1.25,1.237959750660623,7.470019446294743,0.7611512504112533,7.689920133352024,0.6264703461142985,286.11805537841036,177.80930466847573,0.9111074634202458,163.51397897755385,144.67054464217156,250.0,0.36896965224610273,69.04458492304359,55.904284904704824,67.84141814569406,106.72265625,20.0,5.303300858899106,1.6483488026856001,13.436115469828257,0.9690198882834022,13.375389604472034,1.2949809821043783,243.262716319083,126.67704567829281,0.9305744269804895,111.26524163602468,79.44344589543482,6.25,0.1349527665317139,33.516788797593975,65.82181676942878,19.637400616026213,125.65546875000001,127.73017290234566,60.064248979091644,0.529756770743488,78.40742112696171,-0.8275795660855438,0.7473361285017764,21.503502781725473,120.28273484110832,120.28273484110832,0.0,107.44802279770374,-0.6738623096021956,0.5727361838658068,4.999799646638097,123.58781090378761,35.80499067902565,0.7102870386878232,82.08707247674465,-1.5797725951791608,-0.0046005985561403135,31.21521988843745,0.5961115187087307,3.359384615384615,0.4993588569335043,-1.0,-29.0,123,NOR
64.0,174.0,21.13885585942661,11.25,1.25,0.9381347310893144,6.251965137762326,0.7537156499032396,6.304162020801602,0.6193819784851031,261.154851942814,203.90459043768234,0.8937631356091554,149.67514421272202,120.75788232314399,256.25,1.3707790036776997,122.98067832729797,56.59083442497205,62.551972556707724,104.5078125,18.45602882529175,1.7677669529663689,1.5634508700555239,11.314331905469595,0.7009033329909049,10.244213436408335,0.6265846043595347,243.1370849898476,185.55823852766093,0.9402497183027804,109.49747468305831,77.51603079756896,626.5625,5.301427815970386,81.67914155466138,62.241033906021066,21.99668854571912,114.9421875,217.9080560207367,146.15922364592552,0.32926195426195426,169.74516578018665,-0.7559721951099583,0.4954376574846772,21.110721966248516,111.41738571226597,111.41738571226597,0.0,105.04663303494453,-1.4060294117259795,-0.11909356963229441,4.45180297278407,114.8859066143632,45.161557868123055,0.6069008009858287,74.2121900767088,-1.3420731533408188,0.16777634282569118,23.327923493072472,0.3089887640449438,2.4670846394984327,1.3118170266836087,-1.0,0.0,124,RV
46.0,160.0,17.968749999999996,9.013878188659973,1.7677669529663689,0.9233426580639507,5.750641214066632,0.7429411262855145,5.350467912250444,0.564522699385882,240.81475451951127,182.46177321654042,0.9228076503014774,166.31727983645294,125.74478031701096,0.0,0.0,77.3141193550807,45.678165216146624,69.93786061802354,68.578125,13.46291201783626,5.153882032022076,1.336017867186855,8.769080332569876,0.647643177535708,8.142080083905412,0.5778212103296047,216.06601717798213,139.25847754605533,0.9580845715752178,107.30077554195742,85.19142310840998,167.1875,1.3106320431161196,39.87550834299498,43.78765742131567,24.707734821461127,65.73984375,119.78430756181479,65.6329098045826,0.45207422290509397,92.78647343814373,-1.4143612397230305,-0.1389643782239626,17.637632868843397,72.10276307910681,65.8027965426445,0.08737482819556254,67.3600916415453,-0.7757700186791299,-0.11278494034943211,2.6380092712411547,108.23200937360525,40.41888643056154,0.6265533028122956,83.95236305892467,-1.525874987336227,-0.16898851893832217,23.19883801435947,0.615832614322692,1.6280210157618213,0.9974182444061962,0.0,0.0,125,NOR
35.0,137.0,18.647770259470402,8.385254915624213,1.25,0.9863566324332055,4.764819174363853,0.668156989235802,5.011126952890394,0.5904577037819618,270.9403858487467,225.93530530340513,0.8494817379646639,138.21067811865476,123.73817032041819,1317.1875,3.1380285884455033,124.12280322947622,35.05169476015641,56.07729613617916,42.475781250000004,11.180339887498949,1.25,1.052243286333499,6.6923957860624155,0.8814813862112624,6.914234584289835,0.5846739220510139,219.42388155425118,158.5449403926792,0.9070948028449246,94.49747468305833,74.45889244992065,204.6875,2.397510980966325,55.887754333690864,31.558710114300727,19.238492952561707,38.24296875,149.08976987749338,72.21602090448141,0.5156205488557591,122.46002368628979,-1.2879096531463836,-0.2997874788474974,26.014606330991075,43.75999227911234,40.815288819372654,0.06729213846651569,40.815288819372654,0.29840773383794694,0.251484822855564,1.2520077869226567,69.80929211527109,26.67221787571907,0.617927398093693,47.79480230808258,-1.1782905406261306,0.10182455980321363,13.059949808804843,0.3693393452264262,1.5302547770700636,1.7693374956642387,0.0,-14.0,126,RV
54.0,165.0,19.834710743801654,10.680004681646913,1.25,1.1249418647709715,5.502249730683955,0.7330761143276574,5.614823931655699,0.5761345926519158,314.2246570962086,232.88962027727536,0.8563508827564156,213.55839635996978,152.70771695982702,1032.8125,4.2469802107427395,135.48107479061588,54.97307741119118,94.19415829588746,90.80859375,11.858541225631424,5.0,1.1651815902347027,7.752132234742592,0.7068835886909464,7.747448094827021,0.692314208632394,273.01145366061223,175.0921828937083,1.2084792770858044,138.94291116568837,99.80346990800479,282.8125,49.72527472527472,88.36413183872952,49.748896974283035,43.55139014418669,82.17890625,238.43603686988354,123.88990373164415,0.4804061275382971,188.1000121049583,-1.506436427724139,-0.16847264518508542,38.56442531719444,84.0231491997838,76.3357743024826,0.09149115417017692,79.20261300727725,-0.5081903872229394,0.01498884500062092,2.434165754913327,138.8965655937791,62.461690694093704,0.5503006829069412,117.47667936980724,-1.3682467098811848,-0.42685859534653425,26.110101882547408,0.5041709518912124,1.2221214868540344,1.622959940652819,-1.0,-17.0,127,RV
74.0,170.0,25.605536332179934,11.319231422671772,2.5,0.9975199772939565,6.550538776837207,0.8897186347185354,6.897324540897963,0.5894687498633309,296.1180553784104,209.71666910903497,0.9286220365765926,191.92388155425118,151.86127134746891,0.0,0.0,85.47453449157865,57.73250633026929,88.70093487430398,113.31796875,17.5,2.5,1.6285569308550172,10.609284286619012,1.060562094798504,10.772519269095893,0.6103978114970269,242.10155108391487,170.20412447176386,0.9320448480587397,144.2462120245875,109.94592119635345,0.0,0.0,48.98110425588215,69.16700302345133,40.59747839092485,135.76171875,177.1961446404457,92.36585903167725,0.4787366326784382,158.21399112045765,-0.4427057035631239,-0.9886098538843074,26.296183342184406,129.05220332741737,129.05220332741737,0.0,112.78021217882633,-1.0367902701416873,0.396474052621226,6.941957702685492,166.7300704419613,76.08285096287727,0.543676490022466,143.83691024780273,-1.2248382535173086,-0.4720312759343342,30.524779419099303,0.8237118320610687,1.696206197509412,0.7157247737749701,-1.0,2.0,128,NOR
75.0,183.0,22.395413419331717,11.858541225631424,1.25,1.2452699486184797,5.822431138415963,0.8896549020862432,6.947452685159151,0.6476331898023353,303.7436867076458,240.93467023523743,0.8975026417923225,205.4594154601839,166.2395494172251,1050.0,2.568414615502217,123.72363754015655,48.309915259680814,86.74498615453703,99.04453125,14.142135623730951,1.25,1.4035966575606609,8.127022795784075,0.9022564631339619,9.284161995063993,0.6958250096745865,252.5304832720494,185.47300803978192,0.9310343533756872,141.44291116568837,109.16276599185036,401.5625,4.882218844984802,69.94014566334442,56.888386215184845,39.707437389189366,116.63203125000001,238.74953905213624,141.46807153709233,0.4074624307182447,181.88264838652685,-0.54132155829571,0.39122564685436534,27.543047881418875,111.53741107881069,111.53741107881069,0.0,103.58409519586712,-0.9257899990419483,0.5765667057803121,3.750470149892502,177.0601832671091,74.82665114570409,0.5773942522536405,141.05198897374794,-1.476076249977214,-0.32446784921309635,36.5744787157387,0.5289296046287367,1.4906107566089335,1.2683463796477494,0.0,0.0,129,RV
95.0,185.0,27.757487216946675,11.25,3.5355339059327378,1.1196652421579283,7.686389918925118,0.8666063522974295,7.896700056534259,0.6448331178406796,278.9213562373095,211.62904827092132,0.9274807338636188,193.56601717798213,155.63529932111348,0.0,0.0,98.77745580469733,64.74845255926465,85.67360231056043,150.21562500000002,16.298006013006624,1.25,1.4709482435248458,12.188109705320555,0.9560709549860793,13.226362119565431,0.6415055199711153,231.36931803688122,157.97409672806938,0.9527433730882922,146.44291116568837,96.73774444901821,0.0,0.0,43.23635200386021,70.01686640337257,32.4025130653725,162.43828125000002,223.18350110203028,91.7033715583384,0.5891122278056952,154.21905157808214,-1.1525006535628677,0.2005233914135791,41.958322922668316,157.817278040573,157.817278040573,0.0,146.2188389757648,-0.3689854535226904,0.7201546404110035,5.022367163606383,190.4723514430225,71.57199545390904,0.6242394504416094,144.564589407295,-1.506509445837813,-0.25219219238335944,43.43987814023969,0.7804728903383612,2.2050143640637243,0.5810730782897074,-1.0,0.0,130,NOR
64.0,164.0,23.795359904818564,10.606601717798211,1.7677669529663689,1.2119917640726616,6.6781561053957255,0.8063422483852647,6.641735736751933,0.5771140725591695,314.6535892843431,233.21759745973884,0.9179182608865984,226.67261889578037,185.69771112025862,446.875,0.615530303030303,137.80199298518664,75.21047747826874,138.53405749403947,134.84296875,11.524430571616108,3.5355339059327378,1.389608826679666,7.321556489845118,0.8396958279957377,7.326816490614495,0.5450218365492483,325.134559672906,223.67614123615064,0.9188659723260444,209.29825022501575,171.63453973193378,259.375,0.46415389777429816,122.24562217206378,76.94913068679423,118.69510930412748,137.96015625,252.966796875,193.343994140625,0.23569418386491559,226.527099609375,-0.9244506406449968,-0.3646702434097493,18.216408039408186,132.435791015625,132.435791015625,0.0,129.6474609375,-1.0776249365818418,0.5570165453629441,1.1177417452683784,238.115478515625,202.163818359375,0.15098413753010548,226.27001953125,-1.5738863857761822,-0.3006736468957904,13.259198331764905,1.0456172650097166,0.6550914604323584,1.459907421233388,-1.0,0.0,131,DCM
80.0,163.0,30.11027889645828,12.747548783981962,3.9528470752104745,1.1114100406686294,7.722500929858102,0.9227381918047742,8.165314189762087,0.5456918402817037,282.1535892843431,202.51652423546767,0.9560352397228276,234.47591975467944,177.29215357060588,0.0,0.0,96.56364611193679,82.73013619027266,137.20214706875427,165.32578125,12.747548783981962,5.0,1.4376801024794483,8.41110319418111,1.0866772068346302,8.686315222569458,0.4936546549803151,279.52795795510775,209.97226717798213,0.9124737114512942,222.22718241315027,180.68614707571905,0.0,0.0,81.68749182228967,83.49364742037045,119.69885736371693,166.8515625,186.02363508939743,154.80785227194428,0.16780546623794212,167.51847042515874,-1.3296566803128023,0.19763707088450685,10.086558259021897,165.20065182074904,160.22855707257986,0.030097307083050463,161.74261599965394,-1.1566116185562272,0.018857123415770862,2.1861906795311254,260.6798246540129,228.2864404488355,0.12426502222859602,238.9876594087109,-1.5983341575789423,0.2850160532769482,12.226863281610964,1.474643805843999,0.7018750511749775,0.9661689220718619,-1.0,-29.0,132,DCM
121.0,185.0,35.35427319211102,13.050383136138189,3.75,1.3411376471582686,7.7445579750517,0.9434525064753123,7.80871162690835,0.5383737996021133,275.6891231902759,208.95802204914725,0.8994840771166013,269.0469875665449,226.41221125569467,267.1875,0.23150655258312575,82.17276608640508,79.24026230964455,152.83482824565397,207.47343750000002,16.25,1.25,1.9912094831774367,8.761968676091692,1.121025375145447,8.250190102220854,0.5850651131538194,262.1535892843431,178.05797547381283,0.8880536122108509,246.67261889578032,206.06817267082002,42.1875,0.05339767423463333,56.21258842162116,83.38211059263324,126.16658877152403,218.31796875,208.642578125,143.5302734375,0.31207582494734376,156.494140625,-0.4973288356010208,0.8705208172382013,19.757716901739386,220.3369140625,212.6708984375,0.03479224376731302,208.60595703125,-1.300567788942906,0.07957695980766068,7.225694093955062,385.44921875,317.5537109375,0.17614644033443122,341.4306640625,-1.350964642338616,0.35853480847244046,23.45313504375774,2.2124510971253613,0.6697163066041363,0.6748938124210768,1.0,0.0,133,DCM
104.0,185.0,30.38714390065741,16.770509831248425,1.7677669529663689,1.1726333899440364,7.983043571564252,0.9025564912678443,9.331422139874546,0.6598160940808471,254.60155108391484,160.6737362736225,0.8970835550966504,139.67514421272202,124.17729970555993,571.875,1.1069441083958385,57.530792622665125,57.0847126986642,48.595676569191994,138.56718750000002,20.0,1.25,1.4750843311185746,12.77863212285306,0.7790883407462917,13.185254345886653,0.816668721995854,208.38834764831844,115.15023554706828,0.9452960417215002,133.3363094478902,86.0793950920491,187.5,1.5657620041753653,29.583209505334263,64.31661449686106,23.08801546041166,156.12187500000002,135.2998809814453,68.1826171875,0.49606299212598426,92.05906677246094,-1.6556726475145096,0.1657344497041526,25.78355749422194,149.8388214111328,149.77615356445312,0.0004182350480970305,139.01817321777344,-0.7665075466400073,-0.12412741784293513,6.831291173798124,117.20976257324219,53.685455322265625,0.5419711281411513,74.95074462890625,-1.2945494845558418,0.34372404064920414,20.88260659938163,0.7873774509803921,2.78988326848249,0.45523012552301256,-1.0,-33.0,134,HCM
95.0,184.0,28.060018903591683,13.050383136138189,3.9528470752104745,1.4423344602934405,7.851220151564884,1.5805977552567474,8.672945109851572,0.5968508262037914,294.77922061357856,220.48569872047216,0.8726043074533743,249.47591975467944,211.96914569422404,0.0,0.0,76.46812500562854,77.10630483227047,132.635040637081,178.4015625,16.677080080157918,2.5,2.1137735359583703,9.550212529568796,1.4449055120931855,9.256729592344358,0.6180374090070616,257.74494936611666,166.21466570264337,0.8800899265951398,228.56601717798213,187.84096910707478,0.0,0.0,44.53077012568131,86.40954852731726,105.5762159874632,199.92656250000002,181.4260806441307,94.37513110041618,0.47981497056349875,144.57629218697548,-1.460845114719926,-0.06376258102536475,29.29672740647589,199.58394742012024,199.31691996753216,0.001337920489296636,193.5758297368884,-1.3145645335117366,-0.43422298555274025,8.485110027062635,292.24247346818447,235.4037728458643,0.1944915807335857,265.5778749883175,-1.6305227727922122,-0.006171419571158186,21.231742827989112,2.494341147938561,0.8467023172905526,0.4734928229665072,-2.0,-17.0,135,MINF
89.0,167.0,31.912223457277065,13.975424859373685,1.25,1.6167962761228796,7.5570809661968426,1.5553517112178006,8.630044137748149,0.5336031416474087,250.6370849898476,197.7041789519996,0.8967228029317023,221.36931803688122,189.51334764831842,0.0,0.0,70.59285048140752,80.89725349285482,132.05784545939122,172.59375,16.817030058842136,1.25,1.748855156686062,8.509919983321558,1.2282716953944257,8.35442425818189,4908738521234.445,229.42388155425118,152.8740642229437,0.9158119857818979,203.38834764831844,160.03188622590588,3.125,0.045829514207149404,41.29451057572532,76.12954463681204,89.90976120137438,162.421875,144.37924772500992,81.01818338036537,0.4388516032811335,96.56236972659826,-0.3278569591676903,1.050645611611196,19.821140674175368,173.09898249804974,162.97843866050243,0.058466801430570675,165.46820010989904,-1.077022858629943,0.013964646133661857,4.704601009098875,269.2441489547491,182.03520737588406,0.3239028291512546,200.715147331357,-1.0154446575336666,0.7440667459866026,31.330939612748857,2.246843853820598,0.8953127310365222,0.49710982658959535,5.0,0.0,136,DCM
68.0,170.0,23.529411764705884,15.05199322349037,2.7950849718747373,1.7708589534027737,7.829313621928187,1.3016956403283293,9.010718706677114,0.5434985674002369,306.9023266258723,204.13236947713455,0.8689777729437922,219.17261889578037,167.35196698482878,0.0,0.0,80.96942192736279,76.13009076543231,113.53681271981378,143.24296875000002,17.89727632909544,2.5,3.1666601159351915,10.682953056506776,1.9582625320979332,10.948384382424333,0.5583593321275593,274.9568901432422,165.57979013736167,0.9619631740079787,188.262716319083,137.06791116568837,0.0,0.0,50.86965405171597,84.15204512394769,70.55832029250696,158.33671875000002,149.18153453059494,87.10511852055788,0.41611326901390805,108.72251542378217,-1.643661931873522,0.202711630073808,23.131934946914363,159.44348948076367,153.01341206207871,0.04032825322391559,151.00401286873966,0.7105929332573804,-0.876313216779152,4.753716671223471,219.61331276781857,126.86318442039192,0.4223338156438846,169.10729769431055,-1.4432994785070967,0.0937196776716197,31.833077114909607,1.4564377682403433,1.206129364962428,0.5692645980943074,-5.0,-2.0,137,MINF
90.0,174.0,29.72651605231867,19.080421903092184,3.5355339059327378,1.813684795018281,11.339549110268523,1.008231980376078,12.675144638677324,0.4718632714394701,274.35028842544403,194.43657223494145,0.9078894873575047,167.35281374238568,134.9587040127696,0.0,0.0,58.83164541507378,87.75676739999672,60.172644336415715,192.1828125,27.414640249326638,13.806701271484076,2.7477434304563926,20.19759695346236,1.2298691933089383,20.15898914375246,0.5736063362369214,227.8337841309485,153.39194013638158,0.958540923006461,95.22970773009195,70.45994378033218,0.0,0.0,35.41285978314705,100.58990232881646,13.73212861910483,220.28671875,134.2091740295291,66.91766615957022,0.5013927576601671,102.18028549198061,-0.9237903377765218,0.04121257121854383,18.668608220692917,228.19298002123833,216.37958197295666,0.051769331585845346,207.5195334367454,-0.8976453160286413,-0.21807308899648126,12.858553910931276,125.98465640097857,28.112896621227264,0.7768545994065282,79.46940158586949,-1.1351566574869085,0.0733685995471264,31.224233462350444,0.4201117318435754,7.696808510638298,0.3092605390463027,-1.0,-1.0,138,HCM
75.0,175.0,24.489795918367346,10.0,1.25,1.0867442864385912,5.915372656101361,0.7837110050139555,6.4320452435008795,0.6241159661243713,256.06601717798213,181.42546548573813,0.887131976750177,189.2462120245875,154.75556899799724,412.5,0.9407069555302167,73.66490429641513,44.25458813985926,74.36865699242621,88.72500000000001,13.975424859373685,4.5069390943299865,1.5991253300183585,9.224904796149971,1.0738773627197022,9.640947993816273,0.6535025431856575,198.21067811865476,135.2699571487377,0.9529616780335368,131.5685424949238,94.73514476193115,125.0,1.3192612137203166,38.47726949586136,45.13018742443118,26.979914404052508,90.48046875,142.12441361695528,74.65106415003538,0.47474848092439487,92.07861202955246,-0.29324096472107986,0.8827209606001256,20.316449130487804,86.84043760597706,86.40156353265047,0.0050537985001630256,84.87258289009333,-1.1799690414262032,-0.4867655896813409,1.8458564504138115,144.00732496380806,52.466687604784966,0.6356665355878883,76.60476163774729,-0.821352851131421,0.6176658997796703,29.142519206175812,0.702825715911246,1.646788990825688,0.8640013108307389,0.0,0.0,139,NOR
68.0,165.0,24.977043158861342,10.680004681646913,1.25,1.106252618164727,5.735731924221317,0.8963311701358349,6.079344725415364,0.6603618892792295,484.31349186104046,276.23023074035524,0.7733483989535335,187.9594154601839,153.8360288571189,1728.125,4.39516769988873,218.67284896879175,51.43108938186137,79.00969452966382,95.33671875,13.050383136138189,1.25,1.423072505278875,8.276265462200584,0.8549712475669116,8.960047527015274,0.6746330343256293,326.4213562373095,213.92406193403275,0.8975085401034186,129.49747468305833,101.2078147035017,745.3125,5.148963730569948,102.28688693618514,50.50177181430063,34.632568017763475,93.6140625,406.1850334778428,213.3919002339244,0.47464361646509357,298.17953975498676,-1.3137271626895144,0.060047142524159755,65.25002409286218,98.22284905612469,92.92804571986198,0.053906024791006056,94.51365527510643,1.1092918962954244,-1.2214147055029072,3.9273708065437534,144.29046952724457,63.43853943794966,0.5603414442700158,98.95902492105961,-1.5998024190708926,0.016015347340494368,29.495160460156555,0.2972865388442911,1.4648515956259764,2.2963132236441193,-1.0,0.0,140,RV
75.0,170.0,25.95155709342561,11.792476415070754,2.5,1.2634414303183588,7.116506977327473,0.8467440963895935,7.332039068248921,0.672797686701508,325.86679271993955,243.607192810799,0.9276939214029277,169.8528137423857,138.75985290392998,1901.5625,6.850934474217518,173.8655748571419,51.393338826498656,63.548403130536464,101.5546875,17.365554986812256,6.373774391990981,1.4483683277626926,11.912774234770422,1.058383519429075,12.189948318108463,0.695975068485308,260.9403858487467,194.04879136436037,0.9280678907818887,105.22970773009195,87.7419732515598,550.0,550.0,79.35662883742717,52.20699750258862,18.739057468724955,103.16250000000001,331.11160289123654,143.57390887476504,0.5663881675510896,221.7255184315145,-0.9255580466921898,0.27509802662360017,55.31846646022965,100.91856971941888,99.46058704890311,0.014447119837006852,97.55399432592094,-0.189472306220968,-0.8233209451705656,2.6826219944518783,119.98449694924057,35.57103874348104,0.7035363763826141,76.31978517584503,-1.5173750726655135,0.05520179934496851,28.888142555946462,0.2477541986720479,2.7961114030478194,1.4435256530727307,-2.0,0.0,141,RV
98.0,160.0,38.28124999999999,18.027756377319946,1.25,1.8583110156270886,8.568806039009353,1.2149775751424379,9.758467146116828,0.6612439784292052,238.262716319083,175.6951376432076,0.9129717731913213,151.31727983645297,130.05696465239325,267.1875,0.6249086390878527,68.0403541724936,56.98978608726026,48.641965345366515,124.884375,23.251344047172843,11.180339887498949,1.6598983285587334,18.14305694091555,0.8417553566578029,20.020661187566756,0.6317913902140976,173.51397897755385,140.69957377305076,0.9811685099631473,83.89087296526012,64.05203820042826,0.0,0.0,20.40911151784964,61.55675528237702,8.040860517303932,134.8921875,146.97586843930185,43.47779091820121,0.7041841536309297,76.09548014961183,-1.1024034295892067,0.426472917565836,31.15157849272498,143.2187592498958,133.9287927467376,0.06486557034716785,131.98481585271657,-0.8754530390072937,-0.14238898291219987,6.830977550219304,102.26439987681806,17.32756327651441,0.8305611405593127,55.702414847910404,-1.3252807817402328,0.14486492542178295,28.63231768151372,0.39853826311263973,7.72923408845739,0.32463363572923937,-1.0,0.0,142,HCM
85.0,161.0,32.79194475521777,15.258194519667128,3.5355339059327378,1.688414995578977,7.513247399132327,1.3195412172065093,9.336219580941712,0.5529749570763218,264.9936867076458,188.7470067945302,0.9033506375485645,223.86931803688125,195.0189192275098,304.6875,0.22605026430492442,74.92280619916889,77.24686372379816,128.4722971632128,158.13984375,16.25,1.25,2.0219501901145294,8.58032363982722,1.188106128171295,10.426228733640247,0.6719750754058442,233.262716319083,117.89246250514547,0.929035493241779,204.29825022501575,152.90522176691775,0.0,0.0,31.95979795938448,83.93053260497334,96.06371568183094,171.82265625,149.2189187016338,61.459577187895775,0.5881247651258925,105.31120981648564,-1.2952743860969989,0.1144812770056825,29.730537917140396,166.49040572158992,163.72397706471384,0.016616144605366565,160.06032830290496,-0.700869538499703,-0.023635658481842584,3.8663059598604224,253.1469141896814,186.36009262874722,0.2638263309458761,215.5571302101016,-1.2112267159206431,0.24972558897726457,22.358159709984772,3.0322384428223845,0.8785356068204614,0.3753853179586711,5.0,-26.0,143,MINF
88.0,157.0,35.70124548663232,10.680004681646913,3.5355339059327378,1.207843626085638,6.987238214085133,0.8188486847313099,7.2625998936424,0.6488740160383439,220.1561146012848,152.0401503016784,0.9321818621257344,163.21067811865476,127.39880944789016,112.5,0.5776636713735558,51.978989834041215,44.80067299337264,52.84836376252219,92.15390625,16.817030058842136,6.73145600891813,1.6486294853426582,12.935106008268878,0.9623010131084005,12.265399800868778,0.6442017706809194,160.71067811865476,103.72970773009195,0.9582439217611383,99.49747468305833,82.33021279348029,0.0,0.0,16.70155051595555,47.87937332725939,13.902006948094805,98.48671875000001,114.9345703125,34.112548828125,0.7032002752924983,74.513671875,-0.5999764460314427,-0.05657638706546187,21.405222396965023,96.46435546875,94.862548828125,0.016605166051660517,89.325439453125,0.22209649504358975,0.39768341643635424,2.6929843201349004,103.97900390625,27.744873046875,0.7331685051350323,84.8759765625,-1.2896346684524502,-0.5296785881921715,26.241577009882747,0.8133333333333334,3.419101924447612,0.3595997498436523,-1.0,-1.0,144,NOR
80.0,171.0,27.358845456721728,20.615528128088304,1.25,3.019979842072307,10.395567376957104,1.3201199241893542,13.23424185973045,0.4656358706827737,263.17388155425124,194.51887487004842,0.8455914879315293,241.06601717798213,191.5975978869015,0.0,0.0,56.22040751191618,108.37697889487008,117.59475315188513,221.82890625000002,22.114757516192665,1.25,4.102512566435816,12.987985340390093,1.627993913719661,16.257097703574384,5609986881410.783,232.53048327204937,121.27158697636982,0.8590357710297352,238.6916485072175,165.30472873897077,0.0,0.0,28.711362946632985,121.32194013406948,92.38614442291787,248.32500000000002,114.10986041463912,57.71925785392523,0.4941781749255348,79.03954046592116,-1.4007924582337539,0.2932197751605357,19.255913336802887,243.73099890351295,243.73099890351295,0.0,236.11440518777817,-0.49607468122213216,-0.7958765142952179,8.33915026182755,231.00062725692987,176.5257602352649,0.23582129481005887,199.1129002198577,-1.1782691823333757,0.2325699055505538,16.553189395699476,3.058351177730193,1.380710659898477,0.236815415821501,6.0,28.0,145,MINF
172.0,170.0,59.51557093425606,17.41048534648015,1.25,1.970873496757069,8.622166083207823,1.0435918523079706,10.272944766535911,0.644001487400546,272.02795795510775,185.86994936611666,0.9032877613451523,179.9784450716211,144.1812068257631,57.8125,0.26687824581650316,51.81557899904263,50.4010811277324,50.88354551794674,150.82265625,24.748737341529164,1.25,2.6146284346504873,16.98439688491178,1.194519206390222,18.889896899817792,0.4584303259311559,201.06601717798213,159.48149339882605,0.9539491833391697,102.72970773009195,68.24837658196607,0.0,0.0,17.88407773726347,59.09640525136816,9.429985808734877,176.84296875,158.11483883857727,51.559186577796936,0.6739130434782609,97.5768622905016,-1.3658869110045535,0.003927747789557448,34.75374983780858,170.34362027049065,170.34362027049065,0.0,148.57418593764305,0.6404697481721073,1.1314842944834123,8.718798789277722,148.53011825680733,27.542300522327423,0.8145675715769174,113.17682130634785,-1.329129930438918,-0.44985309688799846,42.6094218247379,0.5341880341880342,6.1848,0.30267753201396974,0.0,-1.0,146,HCM
104.0,172.0,35.154137371552196,15.103807466993215,1.25,1.4258312785106761,7.722417959407099,1.1761817231196616,8.365384634223123,0.6994418552355037,343.5812588140068,275.0063773883361,0.8974297441795457,179.63834764831844,152.94544930182641,1398.4375,2.068694526627219,136.5671397953539,45.65322493903095,53.79131708615438,106.85390625000001,20.953818267800266,1.25,2.5137585168284446,14.3090787382384,1.1590452003837584,13.822587935069802,0.7240262362960201,264.0469875665449,224.11626970967626,0.933854370513981,131.8718433538229,90.43550079075449,1735.9375,4.967805401538186,65.6374632779189,55.94325015175894,17.005177906047763,130.93828125000002,291.2804790735245,134.59364438150078,0.5379242549668874,202.68166199605912,-1.3948393553089424,0.1717149299614641,54.413902182032466,122.6126851066947,122.14550304692239,0.003810226155358899,108.9137014830485,-1.450378860175211,0.100081286916873,8.74419325869203,121.61803943105042,36.37991910614073,0.7008674101610904,69.3991414597258,-1.5276802703679693,0.1963258165068159,29.74793625921091,0.2702944799014668,3.3574979287489644,1.1019123997532387,-3.0,18.0,147,RV
70.0,170.0,24.221453287197235,13.050383136138189,4.5069390943299865,1.6696748849259204,7.8117944998884115,1.105746485375232,8.899870466030523,2804993440705.6646,255.20815280171306,166.80440877598116,0.9246025715610448,197.22718241315027,161.35317450194879,1.5625,0.0030521303870101333,62.59045456740434,57.476995763668846,77.30346544470713,109.72500000000001,18.45602882529175,1.25,2.0027272023637397,9.455983021282632,1.5884154606827896,9.560604519018266,0.7865871229335344,230.03048327204937,140.30168385046338,0.9005233668081324,153.21067811865476,138.08069203626943,9.375,0.01614465611882467,46.17582210499293,63.85377968362135,53.54092159205397,121.8984375,124.8657736480236,84.8082517683506,0.3208046585494971,111.49123251438141,-1.1781832936810939,-0.4003517213849964,12.463256746960353,117.50647094845772,117.02172645926476,0.0041252578286142885,106.42344921827316,-0.8998196750348004,0.6800985966418549,4.59661732441682,141.67759388685226,97.49974384903908,0.3118195956454121,127.22339457273483,-1.1651152801223235,-0.43395624480971073,14.689598991668035,1.1496492595479346,1.200225988700565,0.7247222745245716,-1.0,2.0,148,MINF
70.0,173.0,23.38868655818771,11.180339887498949,3.9528470752104745,1.103363796721462,7.236104102173286,0.772915691041824,7.266836461624507,0.4814338122270858,310.992424049175,226.72182626228044,0.9115714860729978,208.56601717798213,174.6366541332046,0.0,0.0,107.26534372288636,73.81893442608293,113.0584049357815,142.16015625,13.75,3.5355339059327378,1.2716668485341998,9.873181037867045,0.7386691961387162,9.514500451401172,0.4201249809428567,258.7436867076458,172.68101765854013,0.9235261534310767,173.6916485072175,138.47876073623883,0.0,0.0,51.268591734122,76.54508087921006,65.0782273607441,147.41015625,203.152587890625,90.393310546875,0.5550472111359875,139.10009765625,-1.1447477952033271,0.18277084287490045,35.14285538392959,142.046630859375,141.651123046875,0.0027843519420854795,139.33740234375,-0.12509120503101823,-0.6478441571266266,1.9776001279634137,209.10498046875,119.0478515625,0.430679024021184,169.435546875,-1.6002701296305673,-0.11550549245665594,33.610716300011966,1.3169984686064318,1.1898671096345514,0.6381404439480665,-1.0,0.0,149,DCM
56.0,158.0,22.432302515622492,10.077822185373186,3.75,0.9834533320687873,6.333133662003646,0.7667580064899244,6.280383450506487,0.6131503386759997,263.0114536606122,175.38218268775486,0.927917345666082,163.08504678941932,135.02555682008438,0.0,0.0,72.4773973699442,52.294953795392914,72.66676350718691,86.08359375,17.67766952966369,8.385254915624213,1.8093327020054704,12.615572611330633,0.8913837767397612,11.401860032835707,0.6169039147519487,205.762716319083,137.65589668034178,0.9508566894877388,90.65863991822647,75.67090543969435,0.0,0.0,38.800124857149726,61.62372771429662,17.222351850283772,101.43984375000001,118.99381641671062,61.25396424718201,0.48523405592208607,106.43273494765162,-1.4115852780371583,-0.5567673696128037,21.745775288400964,98.48859860189259,98.48859860189259,0.0,87.06773434951901,-1.0013799873446632,0.5764896156965676,4.755058249449012,114.30210295133293,27.626902397722006,0.7582992641046606,90.44165578577667,-1.227897385891505,-0.5292289321019659,29.144117539853287,0.4510222764723833,3.564952638700947,0.621939646991839,0.0,-28.0,150,NOR
